filename, language, Markdown, JavaScript, JSON, Batch, Python, TypeScript, HTML, Pug, Shell Script, CSS, TypeScript React, SCSS, XML, Properties, Ignore, log, XSL, comment, blank, total
README.md, Markdown, 6, 0, 0, 0, 0, 0, 0, 0, 0, 0, 0, 0, 0, 0, 0, 0, 0, 0, 3, 9
build/index.html, HTML, 0, 0, 0, 0, 0, 0, 9, 0, 0, 0, 0, 0, 0, 0, 0, 0, 0, 0, 3, 12
dash.bat, Batch, 0, 0, 0, 2, 0, 0, 0, 0, 0, 0, 0, 0, 0, 0, 0, 0, 0, 0, 1, 3
deploy/assets/env.json, JSON, 0, 0, 15, 0, 0, 0, 0, 0, 0, 0, 0, 0, 0, 0, 0, 0, 0, 0, 0, 15
deploy/assets/pdf.worker.js, JavaScript, 0, 55662, 0, 0, 0, 0, 0, 0, 0, 0, 0, 0, 0, 0, 0, 0, 0, 174, 686, 56522
deploy/debug/repl.html, HTML, 0, 0, 0, 0, 0, 0, 11, 0, 0, 0, 0, 0, 0, 0, 0, 0, 0, 0, 3, 14
deploy/debug/test.html, HTML, 0, 0, 0, 0, 0, 0, 10, 0, 0, 0, 0, 0, 0, 0, 0, 0, 0, 0, 3, 13
deploy/debug/viewer.html, HTML, 0, 0, 0, 0, 0, 0, 11, 0, 0, 0, 0, 0, 0, 0, 0, 0, 0, 0, 3, 14
deploy/index.html, HTML, 0, 0, 0, 0, 0, 0, 13, 0, 0, 0, 0, 0, 0, 0, 0, 0, 0, 0, 3, 16
deploy/mobile/image.html, HTML, 0, 0, 0, 0, 0, 0, 12, 0, 0, 0, 0, 0, 0, 0, 0, 0, 0, 0, 3, 15
deploy/mobile/ink.html, HTML, 0, 0, 0, 0, 0, 0, 10, 0, 0, 0, 0, 0, 0, 0, 0, 0, 0, 0, 3, 13
package-lock.json, JSON, 0, 0, 18689, 0, 0, 0, 0, 0, 0, 0, 0, 0, 0, 0, 0, 0, 0, 0, 1, 18690
package.json, JSON, 0, 0, 266, 0, 0, 0, 0, 0, 0, 0, 0, 0, 0, 0, 0, 0, 0, 0, 1, 267
sentence_parser.py, Python, 0, 0, 0, 0, 6, 0, 0, 0, 0, 0, 0, 0, 0, 0, 0, 0, 0, 0, 1, 7
session.config.json, JSON, 0, 0, 12, 0, 0, 0, 0, 0, 0, 0, 0, 0, 0, 0, 0, 0, 0, 0, 1, 13
solr-8.3.1/bin/install_solr_service.sh, Shell Script, 0, 0, 0, 0, 0, 0, 0, 0, 307, 0, 0, 0, 0, 0, 0, 0, 0, 29, 35, 371
solr-8.3.1/bin/oom_solr.sh, Shell Script, 0, 0, 0, 0, 0, 0, 0, 0, 13, 0, 0, 0, 0, 0, 0, 0, 0, 15, 3, 31
solr-8.3.1/bin/solr.cmd, Batch, 0, 0, 0, 1782, 0, 0, 0, 0, 0, 0, 0, 0, 0, 0, 0, 0, 0, 43, 210, 2035
solr-8.3.1/bin/solr.in.cmd, Batch, 0, 0, 0, 16, 0, 0, 0, 0, 0, 0, 0, 0, 0, 0, 0, 0, 0, 133, 29, 178
solr-8.3.1/bin/solr.in.sh, Shell Script, 0, 0, 0, 0, 0, 0, 0, 0, 0, 0, 0, 0, 0, 0, 0, 0, 0, 172, 34, 206
solr-8.3.1/contrib/prometheus-exporter/bin/solr-exporter.cmd, Batch, 0, 0, 0, 82, 0, 0, 0, 0, 0, 0, 0, 0, 0, 0, 0, 0, 0, 0, 26, 108
solr-8.3.1/contrib/prometheus-exporter/conf/grafana-solr-dashboard.json, JSON, 0, 0, 4465, 0, 0, 0, 0, 0, 0, 0, 0, 0, 0, 0, 0, 0, 0, 0, 1, 4466
solr-8.3.1/contrib/prometheus-exporter/conf/solr-exporter-config.xml, XML, 0, 0, 0, 0, 0, 0, 0, 0, 0, 0, 0, 0, 1734, 0, 0, 0, 0, 63, 10, 1807
solr-8.3.1/docs/images/solr.svg, XML, 0, 0, 0, 0, 0, 0, 0, 0, 0, 0, 0, 0, 39, 0, 0, 0, 0, 0, 1, 40
solr-8.3.1/docs/index.html, HTML, 0, 0, 0, 0, 0, 0, 20, 0, 0, 0, 0, 0, 0, 0, 0, 0, 0, 0, 1, 21
solr-8.3.1/example/example-DIH/solr/atom/conf/atom-data-config.xml, XML, 0, 0, 0, 0, 0, 0, 0, 0, 0, 0, 0, 0, 21, 0, 0, 0, 0, 6, 9, 36
solr-8.3.1/example/example-DIH/solr/atom/conf/solrconfig.xml, XML, 0, 0, 0, 0, 0, 0, 0, 0, 0, 0, 0, 0, 20, 0, 0, 0, 0, 37, 8, 65
solr-8.3.1/example/example-DIH/solr/atom/core.properties, Properties, 0, 0, 0, 0, 0, 0, 0, 0, 0, 0, 0, 0, 0, 0, 0, 0, 0, 0, 2, 2
solr-8.3.1/example/example-DIH/solr/db/conf/clustering/carrot2/kmeans-attributes.xml, XML, 0, 0, 0, 0, 0, 0, 0, 0, 0, 0, 0, 0, 13, 0, 0, 0, 0, 6, 1, 20
solr-8.3.1/example/example-DIH/solr/db/conf/clustering/carrot2/lingo-attributes.xml, XML, 0, 0, 0, 0, 0, 0, 0, 0, 0, 0, 0, 0, 13, 0, 0, 0, 0, 11, 1, 25
solr-8.3.1/example/example-DIH/solr/db/conf/clustering/carrot2/stc-attributes.xml, XML, 0, 0, 0, 0, 0, 0, 0, 0, 0, 0, 0, 0, 13, 0, 0, 0, 0, 6, 1, 20
solr-8.3.1/example/example-DIH/solr/db/conf/currency.xml, XML, 0, 0, 0, 0, 0, 0, 0, 0, 0, 0, 0, 0, 45, 0, 0, 0, 0, 19, 4, 68
solr-8.3.1/example/example-DIH/solr/db/conf/db-data-config.xml, XML, 0, 0, 0, 0, 0, 0, 0, 0, 0, 0, 0, 0, 26, 0, 0, 0, 0, 0, 4, 30
solr-8.3.1/example/example-DIH/solr/db/conf/elevate.xml, XML, 0, 0, 0, 0, 0, 0, 0, 0, 0, 0, 0, 0, 3, 0, 0, 0, 0, 37, 3, 43
solr-8.3.1/example/example-DIH/solr/db/conf/solrconfig.xml, XML, 0, 0, 0, 0, 0, 0, 0, 0, 0, 0, 0, 0, 292, 0, 0, 0, 0, 958, 104, 1354
solr-8.3.1/example/example-DIH/solr/db/conf/update-script.js, JavaScript, 0, 15, 0, 0, 0, 0, 0, 0, 0, 0, 0, 0, 0, 0, 0, 0, 0, 26, 13, 54
solr-8.3.1/example/example-DIH/solr/db/conf/xslt/example.xsl, XSL, 0, 0, 0, 0, 0, 0, 0, 0, 0, 0, 0, 0, 0, 0, 0, 0, 98, 20, 15, 133
solr-8.3.1/example/example-DIH/solr/db/conf/xslt/example_atom.xsl, XSL, 0, 0, 0, 0, 0, 0, 0, 0, 0, 0, 0, 0, 0, 0, 0, 0, 40, 20, 8, 68
solr-8.3.1/example/example-DIH/solr/db/conf/xslt/example_rss.xsl, XSL, 0, 0, 0, 0, 0, 0, 0, 0, 0, 0, 0, 0, 0, 0, 0, 0, 41, 20, 6, 67
solr-8.3.1/example/example-DIH/solr/db/conf/xslt/luke.xsl, XSL, 0, 0, 0, 0, 0, 0, 0, 0, 0, 0, 0, 0, 0, 0, 0, 0, 301, 19, 18, 338
solr-8.3.1/example/example-DIH/solr/db/conf/xslt/updateXml.xsl, XSL, 0, 0, 0, 0, 0, 0, 0, 0, 0, 0, 0, 0, 0, 0, 0, 0, 35, 25, 11, 71
solr-8.3.1/example/example-DIH/solr/db/core.properties, Properties, 0, 0, 0, 0, 0, 0, 0, 0, 0, 0, 0, 0, 0, 0, 0, 0, 0, 0, 2, 2
solr-8.3.1/example/example-DIH/solr/mail/conf/clustering/carrot2/kmeans-attributes.xml, XML, 0, 0, 0, 0, 0, 0, 0, 0, 0, 0, 0, 0, 13, 0, 0, 0, 0, 6, 1, 20
solr-8.3.1/example/example-DIH/solr/mail/conf/clustering/carrot2/lingo-attributes.xml, XML, 0, 0, 0, 0, 0, 0, 0, 0, 0, 0, 0, 0, 13, 0, 0, 0, 0, 11, 1, 25
solr-8.3.1/example/example-DIH/solr/mail/conf/clustering/carrot2/stc-attributes.xml, XML, 0, 0, 0, 0, 0, 0, 0, 0, 0, 0, 0, 0, 13, 0, 0, 0, 0, 6, 1, 20
solr-8.3.1/example/example-DIH/solr/mail/conf/currency.xml, XML, 0, 0, 0, 0, 0, 0, 0, 0, 0, 0, 0, 0, 45, 0, 0, 0, 0, 19, 4, 68
solr-8.3.1/example/example-DIH/solr/mail/conf/elevate.xml, XML, 0, 0, 0, 0, 0, 0, 0, 0, 0, 0, 0, 0, 3, 0, 0, 0, 0, 37, 3, 43
solr-8.3.1/example/example-DIH/solr/mail/conf/mail-data-config.xml, XML, 0, 0, 0, 0, 0, 0, 0, 0, 0, 0, 0, 0, 8, 0, 0, 0, 0, 4, 1, 13
solr-8.3.1/example/example-DIH/solr/mail/conf/solrconfig.xml, XML, 0, 0, 0, 0, 0, 0, 0, 0, 0, 0, 0, 0, 294, 0, 0, 0, 0, 958, 105, 1357
solr-8.3.1/example/example-DIH/solr/mail/conf/update-script.js, JavaScript, 0, 15, 0, 0, 0, 0, 0, 0, 0, 0, 0, 0, 0, 0, 0, 0, 0, 26, 13, 54
solr-8.3.1/example/example-DIH/solr/mail/conf/xslt/example.xsl, XSL, 0, 0, 0, 0, 0, 0, 0, 0, 0, 0, 0, 0, 0, 0, 0, 0, 98, 20, 15, 133
solr-8.3.1/example/example-DIH/solr/mail/conf/xslt/example_atom.xsl, XSL, 0, 0, 0, 0, 0, 0, 0, 0, 0, 0, 0, 0, 0, 0, 0, 0, 40, 20, 8, 68
solr-8.3.1/example/example-DIH/solr/mail/conf/xslt/example_rss.xsl, XSL, 0, 0, 0, 0, 0, 0, 0, 0, 0, 0, 0, 0, 0, 0, 0, 0, 41, 20, 6, 67
solr-8.3.1/example/example-DIH/solr/mail/conf/xslt/luke.xsl, XSL, 0, 0, 0, 0, 0, 0, 0, 0, 0, 0, 0, 0, 0, 0, 0, 0, 301, 19, 18, 338
solr-8.3.1/example/example-DIH/solr/mail/conf/xslt/updateXml.xsl, XSL, 0, 0, 0, 0, 0, 0, 0, 0, 0, 0, 0, 0, 0, 0, 0, 0, 35, 25, 11, 71
solr-8.3.1/example/example-DIH/solr/mail/core.properties, Properties, 0, 0, 0, 0, 0, 0, 0, 0, 0, 0, 0, 0, 0, 0, 0, 0, 0, 0, 2, 2
solr-8.3.1/example/example-DIH/solr/solr.xml, XML, 0, 0, 0, 0, 0, 0, 0, 0, 0, 0, 0, 0, 2, 0, 0, 0, 0, 0, 1, 3
solr-8.3.1/example/example-DIH/solr/solr/conf/clustering/carrot2/kmeans-attributes.xml, XML, 0, 0, 0, 0, 0, 0, 0, 0, 0, 0, 0, 0, 13, 0, 0, 0, 0, 6, 1, 20
solr-8.3.1/example/example-DIH/solr/solr/conf/clustering/carrot2/lingo-attributes.xml, XML, 0, 0, 0, 0, 0, 0, 0, 0, 0, 0, 0, 0, 13, 0, 0, 0, 0, 11, 1, 25
solr-8.3.1/example/example-DIH/solr/solr/conf/clustering/carrot2/stc-attributes.xml, XML, 0, 0, 0, 0, 0, 0, 0, 0, 0, 0, 0, 0, 13, 0, 0, 0, 0, 6, 1, 20
solr-8.3.1/example/example-DIH/solr/solr/conf/currency.xml, XML, 0, 0, 0, 0, 0, 0, 0, 0, 0, 0, 0, 0, 45, 0, 0, 0, 0, 19, 4, 68
solr-8.3.1/example/example-DIH/solr/solr/conf/elevate.xml, XML, 0, 0, 0, 0, 0, 0, 0, 0, 0, 0, 0, 0, 3, 0, 0, 0, 0, 37, 3, 43
solr-8.3.1/example/example-DIH/solr/solr/conf/solr-data-config.xml, XML, 0, 0, 0, 0, 0, 0, 0, 0, 0, 0, 0, 0, 8, 0, 0, 0, 0, 16, 2, 26
solr-8.3.1/example/example-DIH/solr/solr/conf/solrconfig.xml, XML, 0, 0, 0, 0, 0, 0, 0, 0, 0, 0, 0, 0, 292, 0, 0, 0, 0, 958, 102, 1352
solr-8.3.1/example/example-DIH/solr/solr/conf/update-script.js, JavaScript, 0, 15, 0, 0, 0, 0, 0, 0, 0, 0, 0, 0, 0, 0, 0, 0, 0, 26, 13, 54
solr-8.3.1/example/example-DIH/solr/solr/conf/xslt/example.xsl, XSL, 0, 0, 0, 0, 0, 0, 0, 0, 0, 0, 0, 0, 0, 0, 0, 0, 98, 20, 15, 133
solr-8.3.1/example/example-DIH/solr/solr/conf/xslt/example_atom.xsl, XSL, 0, 0, 0, 0, 0, 0, 0, 0, 0, 0, 0, 0, 0, 0, 0, 0, 40, 20, 8, 68
solr-8.3.1/example/example-DIH/solr/solr/conf/xslt/example_rss.xsl, XSL, 0, 0, 0, 0, 0, 0, 0, 0, 0, 0, 0, 0, 0, 0, 0, 0, 41, 20, 6, 67
solr-8.3.1/example/example-DIH/solr/solr/conf/xslt/luke.xsl, XSL, 0, 0, 0, 0, 0, 0, 0, 0, 0, 0, 0, 0, 0, 0, 0, 0, 301, 19, 18, 338
solr-8.3.1/example/example-DIH/solr/solr/conf/xslt/updateXml.xsl, XSL, 0, 0, 0, 0, 0, 0, 0, 0, 0, 0, 0, 0, 0, 0, 0, 0, 35, 25, 11, 71
solr-8.3.1/example/example-DIH/solr/solr/core.properties, Properties, 0, 0, 0, 0, 0, 0, 0, 0, 0, 0, 0, 0, 0, 0, 0, 0, 0, 0, 2, 2
solr-8.3.1/example/example-DIH/solr/tika/conf/solrconfig.xml, XML, 0, 0, 0, 0, 0, 0, 0, 0, 0, 0, 0, 0, 17, 0, 0, 0, 0, 38, 7, 62
solr-8.3.1/example/example-DIH/solr/tika/conf/tika-data-config.xml, XML, 0, 0, 0, 0, 0, 0, 0, 0, 0, 0, 0, 0, 17, 0, 0, 0, 0, 3, 7, 27
solr-8.3.1/example/example-DIH/solr/tika/core.properties, Properties, 0, 0, 0, 0, 0, 0, 0, 0, 0, 0, 0, 0, 0, 0, 0, 0, 0, 0, 2, 2
solr-8.3.1/example/exampledocs/books.json, JSON, 0, 0, 51, 0, 0, 0, 0, 0, 0, 0, 0, 0, 0, 0, 0, 0, 0, 0, 1, 52
solr-8.3.1/example/exampledocs/gb18030-example.xml, XML, 0, 0, 0, 0, 0, 0, 0, 0, 0, 0, 0, 0, 14, 0, 0, 0, 0, 16, 3, 33
solr-8.3.1/example/exampledocs/hd.xml, XML, 0, 0, 0, 0, 0, 0, 0, 0, 0, 0, 0, 0, 33, 0, 0, 0, 0, 20, 4, 57
solr-8.3.1/example/exampledocs/ipod_other.xml, XML, 0, 0, 0, 0, 0, 0, 0, 0, 0, 0, 0, 0, 32, 0, 0, 0, 0, 20, 9, 61
solr-8.3.1/example/exampledocs/ipod_video.xml, XML, 0, 0, 0, 0, 0, 0, 0, 0, 0, 0, 0, 0, 21, 0, 0, 0, 0, 18, 2, 41
solr-8.3.1/example/exampledocs/manufacturers.xml, XML, 0, 0, 0, 0, 0, 0, 0, 0, 0, 0, 0, 0, 57, 0, 0, 0, 0, 16, 3, 76
solr-8.3.1/example/exampledocs/mem.xml, XML, 0, 0, 0, 0, 0, 0, 0, 0, 0, 0, 0, 0, 45, 0, 0, 0, 0, 24, 9, 78
solr-8.3.1/example/exampledocs/money.xml, XML, 0, 0, 0, 0, 0, 0, 0, 0, 0, 0, 0, 0, 42, 0, 0, 0, 0, 17, 7, 66
solr-8.3.1/example/exampledocs/monitor.xml, XML, 0, 0, 0, 0, 0, 0, 0, 0, 0, 0, 0, 0, 14, 0, 0, 0, 0, 18, 3, 35
solr-8.3.1/example/exampledocs/monitor2.xml, XML, 0, 0, 0, 0, 0, 0, 0, 0, 0, 0, 0, 0, 13, 0, 0, 0, 0, 18, 3, 34
solr-8.3.1/example/exampledocs/mp500.xml, XML, 0, 0, 0, 0, 0, 0, 0, 0, 0, 0, 0, 0, 23, 0, 0, 0, 0, 18, 3, 44
solr-8.3.1/example/exampledocs/sample.html, HTML, 0, 0, 0, 0, 0, 0, 13, 0, 0, 0, 0, 0, 0, 0, 0, 0, 0, 0, 1, 14
solr-8.3.1/example/exampledocs/sd500.xml, XML, 0, 0, 0, 0, 0, 0, 0, 0, 0, 0, 0, 0, 19, 0, 0, 0, 0, 18, 2, 39
solr-8.3.1/example/exampledocs/solr.xml, XML, 0, 0, 0, 0, 0, 0, 0, 0, 0, 0, 0, 0, 20, 0, 0, 0, 0, 16, 3, 39
solr-8.3.1/example/exampledocs/test_utf8.sh, Shell Script, 0, 0, 0, 0, 0, 0, 0, 0, 57, 0, 0, 0, 0, 0, 0, 0, 0, 21, 16, 94
solr-8.3.1/example/exampledocs/utf8-example.xml, XML, 0, 0, 0, 0, 0, 0, 0, 0, 0, 0, 0, 0, 19, 0, 0, 0, 0, 20, 4, 43
solr-8.3.1/example/exampledocs/vidcard.xml, XML, 0, 0, 0, 0, 0, 0, 0, 0, 0, 0, 0, 0, 40, 0, 0, 0, 0, 21, 2, 63
solr-8.3.1/example/files/browse-resources/velocity/resources.properties, Properties, 0, 0, 0, 0, 0, 0, 0, 0, 0, 0, 0, 0, 0, 72, 0, 0, 0, 6, 5, 83
solr-8.3.1/example/files/browse-resources/velocity/resources_de_DE.properties, Properties, 0, 0, 0, 0, 0, 0, 0, 0, 0, 0, 0, 0, 0, 18, 0, 0, 0, 0, 1, 19
solr-8.3.1/example/files/browse-resources/velocity/resources_fr_FR.properties, Properties, 0, 0, 0, 0, 0, 0, 0, 0, 0, 0, 0, 0, 0, 18, 0, 0, 0, 0, 3, 21
solr-8.3.1/example/files/conf/currency.xml, XML, 0, 0, 0, 0, 0, 0, 0, 0, 0, 0, 0, 0, 45, 0, 0, 0, 0, 19, 4, 68
solr-8.3.1/example/files/conf/elevate.xml, XML, 0, 0, 0, 0, 0, 0, 0, 0, 0, 0, 0, 0, 3, 0, 0, 0, 0, 37, 3, 43
solr-8.3.1/example/files/conf/params.json, JSON, 0, 0, 34, 0, 0, 0, 0, 0, 0, 0, 0, 0, 0, 0, 0, 0, 0, 0, 1, 35
solr-8.3.1/example/files/conf/solrconfig.xml, XML, 0, 0, 0, 0, 0, 0, 0, 0, 0, 0, 0, 0, 298, 0, 0, 0, 0, 979, 102, 1379
solr-8.3.1/example/files/conf/update-script.js, JavaScript, 0, 80, 0, 0, 0, 0, 0, 0, 0, 0, 0, 0, 0, 0, 0, 0, 0, 13, 23, 116
solr-8.3.1/example/files/conf/velocity/dropit.js, JavaScript, 0, 0, 0, 0, 0, 0, 0, 0, 0, 0, 0, 0, 0, 0, 0, 0, 0, 0, 2, 2
solr-8.3.1/example/files/conf/velocity/jquery.tx3-tag-cloud.js, JavaScript, 0, 0, 0, 0, 0, 0, 0, 0, 0, 0, 0, 0, 0, 0, 0, 0, 0, 0, 2, 2
solr-8.3.1/example/files/conf/velocity/js/dropit.js, JavaScript, 0, 64, 0, 0, 0, 0, 0, 0, 0, 0, 0, 0, 0, 0, 0, 0, 0, 15, 19, 98
solr-8.3.1/example/files/conf/velocity/js/jquery.autocomplete.js, JavaScript, 0, 620, 0, 0, 0, 0, 0, 0, 0, 0, 0, 0, 0, 0, 0, 0, 0, 68, 76, 764
solr-8.3.1/example/files/conf/velocity/js/jquery.tx3-tag-cloud.js, JavaScript, 0, 46, 0, 0, 0, 0, 0, 0, 0, 0, 0, 0, 0, 0, 0, 0, 0, 16, 9, 71
solr-8.3.1/example/films/film_data_generator.py, Python, 0, 0, 0, 0, 82, 0, 0, 0, 0, 0, 0, 0, 0, 0, 0, 0, 0, 24, 12, 118
solr-8.3.1/example/films/films.json, JSON, 0, 0, 15830, 0, 0, 0, 0, 0, 0, 0, 0, 0, 0, 0, 0, 0, 0, 0, 1, 15831
solr-8.3.1/example/films/films.xml, XML, 0, 0, 0, 0, 0, 0, 0, 0, 0, 0, 0, 0, 11438, 0, 0, 0, 0, 0, 1, 11439
solr-8.3.1/server/contexts/solr-jetty-context.xml, XML, 0, 0, 0, 0, 0, 0, 0, 0, 0, 0, 0, 0, 8, 0, 0, 0, 0, 0, 1, 9
solr-8.3.1/server/etc/jetty-http.xml, XML, 0, 0, 0, 0, 0, 0, 0, 0, 0, 0, 0, 0, 33, 0, 0, 0, 0, 15, 4, 52
solr-8.3.1/server/etc/jetty-https.xml, XML, 0, 0, 0, 0, 0, 0, 0, 0, 0, 0, 0, 0, 56, 0, 0, 0, 0, 16, 5, 77
solr-8.3.1/server/etc/jetty-https8.xml, XML, 0, 0, 0, 0, 0, 0, 0, 0, 0, 0, 0, 0, 34, 0, 0, 0, 0, 32, 4, 70
solr-8.3.1/server/etc/jetty-ssl.xml, XML, 0, 0, 0, 0, 0, 0, 0, 0, 0, 0, 0, 0, 23, 0, 0, 0, 0, 11, 4, 38
solr-8.3.1/server/etc/jetty.xml, XML, 0, 0, 0, 0, 0, 0, 0, 0, 0, 0, 0, 0, 110, 0, 0, 0, 0, 94, 18, 222
solr-8.3.1/server/etc/webdefault.xml, XML, 0, 0, 0, 0, 0, 0, 0, 0, 0, 0, 0, 0, 272, 0, 0, 0, 0, 232, 24, 528
solr-8.3.1/server/resources/jetty-logging.properties, Properties, 0, 0, 0, 0, 0, 0, 0, 0, 0, 0, 0, 0, 0, 1, 0, 0, 0, 0, 1, 2
solr-8.3.1/server/resources/log4j2-console.xml, XML, 0, 0, 0, 0, 0, 0, 0, 0, 0, 0, 0, 0, 19, 0, 0, 0, 0, 43, 6, 68
solr-8.3.1/server/resources/log4j2.xml, XML, 0, 0, 0, 0, 0, 0, 0, 0, 0, 0, 0, 0, 54, 0, 0, 0, 0, 80, 9, 143
solr-8.3.1/server/scripts/cloud-scripts/snapshotscli.sh, Shell Script, 0, 0, 0, 0, 0, 0, 0, 0, 152, 0, 0, 0, 0, 0, 0, 0, 0, 2, 23, 177
solr-8.3.1/server/scripts/cloud-scripts/zkcli.bat, Batch, 0, 0, 0, 11, 0, 0, 0, 0, 0, 0, 0, 0, 0, 0, 0, 0, 0, 8, 7, 26
solr-8.3.1/server/scripts/cloud-scripts/zkcli.sh, Shell Script, 0, 0, 0, 0, 0, 0, 0, 0, 9, 0, 0, 0, 0, 0, 0, 0, 0, 9, 9, 27
solr-8.3.1/server/solr-webapp/webapp/WEB-INF/web.xml, XML, 0, 0, 0, 0, 0, 0, 0, 0, 0, 0, 0, 0, 62, 0, 0, 0, 0, 42, 11, 115
solr-8.3.1/server/solr-webapp/webapp/css/angular/analysis.css, CSS, 0, 0, 0, 0, 0, 0, 0, 0, 0, 237, 0, 0, 0, 0, 0, 0, 0, 19, 48, 304
solr-8.3.1/server/solr-webapp/webapp/css/angular/chosen.css, CSS, 0, 0, 0, 0, 0, 0, 0, 0, 0, 402, 0, 0, 0, 0, 0, 0, 0, 55, 9, 466
solr-8.3.1/server/solr-webapp/webapp/css/angular/cloud.css, CSS, 0, 0, 0, 0, 0, 0, 0, 0, 0, 594, 0, 0, 0, 0, 0, 0, 0, 23, 106, 723
solr-8.3.1/server/solr-webapp/webapp/css/angular/collections.css, CSS, 0, 0, 0, 0, 0, 0, 0, 0, 0, 296, 0, 0, 0, 0, 0, 0, 0, 18, 65, 379
solr-8.3.1/server/solr-webapp/webapp/css/angular/common.css, CSS, 0, 0, 0, 0, 0, 0, 0, 0, 0, 647, 0, 0, 0, 0, 0, 0, 0, 19, 106, 772
solr-8.3.1/server/solr-webapp/webapp/css/angular/cores.css, CSS, 0, 0, 0, 0, 0, 0, 0, 0, 0, 171, 0, 0, 0, 0, 0, 0, 0, 18, 37, 226
solr-8.3.1/server/solr-webapp/webapp/css/angular/dashboard.css, CSS, 0, 0, 0, 0, 0, 0, 0, 0, 0, 134, 0, 0, 0, 0, 0, 0, 0, 18, 28, 180
solr-8.3.1/server/solr-webapp/webapp/css/angular/dataimport.css, CSS, 0, 0, 0, 0, 0, 0, 0, 0, 0, 292, 0, 0, 0, 0, 0, 0, 0, 18, 61, 371
solr-8.3.1/server/solr-webapp/webapp/css/angular/documents.css, CSS, 0, 0, 0, 0, 0, 0, 0, 0, 0, 131, 0, 0, 0, 0, 0, 0, 0, 23, 26, 180
solr-8.3.1/server/solr-webapp/webapp/css/angular/files.css, CSS, 0, 0, 0, 0, 0, 0, 0, 0, 0, 29, 0, 0, 0, 0, 0, 0, 0, 18, 7, 54
solr-8.3.1/server/solr-webapp/webapp/css/angular/index.css, CSS, 0, 0, 0, 0, 0, 0, 0, 0, 0, 164, 0, 0, 0, 0, 0, 0, 0, 18, 35, 217
solr-8.3.1/server/solr-webapp/webapp/css/angular/java-properties.css, CSS, 0, 0, 0, 0, 0, 0, 0, 0, 0, 24, 0, 0, 0, 0, 0, 0, 0, 18, 6, 48
solr-8.3.1/server/solr-webapp/webapp/css/angular/jquery-ui.min.css, CSS, 0, 0, 0, 0, 0, 0, 0, 0, 0, 1, 0, 0, 0, 0, 0, 0, 0, 26, 2, 29
solr-8.3.1/server/solr-webapp/webapp/css/angular/jquery-ui.structure.min.css, CSS, 0, 0, 0, 0, 0, 0, 0, 0, 0, 1, 0, 0, 0, 0, 0, 0, 0, 22, 2, 25
solr-8.3.1/server/solr-webapp/webapp/css/angular/logging.css, CSS, 0, 0, 0, 0, 0, 0, 0, 0, 0, 303, 0, 0, 0, 0, 0, 0, 0, 19, 63, 385
solr-8.3.1/server/solr-webapp/webapp/css/angular/login.css, CSS, 0, 0, 0, 0, 0, 0, 0, 0, 0, 80, 0, 0, 0, 0, 0, 0, 0, 18, 12, 110
solr-8.3.1/server/solr-webapp/webapp/css/angular/menu.css, CSS, 0, 0, 0, 0, 0, 0, 0, 0, 0, 257, 0, 0, 0, 0, 0, 0, 0, 18, 56, 331
solr-8.3.1/server/solr-webapp/webapp/css/angular/overview.css, CSS, 0, 0, 0, 0, 0, 0, 0, 0, 0, 20, 0, 0, 0, 0, 0, 0, 0, 18, 5, 43
solr-8.3.1/server/solr-webapp/webapp/css/angular/plugins.css, CSS, 0, 0, 0, 0, 0, 0, 0, 0, 0, 172, 0, 0, 0, 0, 0, 0, 0, 18, 31, 221
solr-8.3.1/server/solr-webapp/webapp/css/angular/query.css, CSS, 0, 0, 0, 0, 0, 0, 0, 0, 0, 120, 0, 0, 0, 0, 0, 0, 0, 18, 25, 163
solr-8.3.1/server/solr-webapp/webapp/css/angular/replication.css, CSS, 0, 0, 0, 0, 0, 0, 0, 0, 0, 404, 0, 0, 0, 0, 0, 0, 0, 18, 79, 501
solr-8.3.1/server/solr-webapp/webapp/css/angular/schema.css, CSS, 0, 0, 0, 0, 0, 0, 0, 0, 0, 596, 0, 0, 0, 0, 0, 0, 0, 20, 112, 728
solr-8.3.1/server/solr-webapp/webapp/css/angular/segments.css, CSS, 0, 0, 0, 0, 0, 0, 0, 0, 0, 133, 0, 0, 0, 0, 0, 0, 0, 18, 22, 173
solr-8.3.1/server/solr-webapp/webapp/css/angular/stream.css, CSS, 0, 0, 0, 0, 0, 0, 0, 0, 0, 178, 0, 0, 0, 0, 0, 0, 0, 22, 34, 234
solr-8.3.1/server/solr-webapp/webapp/css/angular/suggestions.css, CSS, 0, 0, 0, 0, 0, 0, 0, 0, 0, 43, 0, 0, 0, 0, 0, 0, 0, 18, 4, 65
solr-8.3.1/server/solr-webapp/webapp/css/angular/threads.css, CSS, 0, 0, 0, 0, 0, 0, 0, 0, 0, 119, 0, 0, 0, 0, 0, 0, 0, 18, 24, 161
solr-8.3.1/server/solr-webapp/webapp/img/solr.svg, XML, 0, 0, 0, 0, 0, 0, 0, 0, 0, 0, 0, 0, 39, 0, 0, 0, 0, 0, 1, 40
solr-8.3.1/server/solr-webapp/webapp/index.html, HTML, 0, 0, 0, 0, 0, 0, 203, 0, 0, 0, 0, 0, 0, 0, 0, 0, 0, 16, 38, 257
solr-8.3.1/server/solr-webapp/webapp/js/angular/app.js, JavaScript, 0, 512, 0, 0, 0, 0, 0, 0, 0, 0, 0, 0, 0, 0, 0, 0, 0, 19, 31, 562
solr-8.3.1/server/solr-webapp/webapp/js/angular/controllers/alias-overview.js, JavaScript, 0, 8, 0, 0, 0, 0, 0, 0, 0, 0, 0, 0, 0, 0, 0, 0, 0, 16, 4, 28
solr-8.3.1/server/solr-webapp/webapp/js/angular/controllers/analysis.js, JavaScript, 0, 161, 0, 0, 0, 0, 0, 0, 0, 0, 0, 0, 0, 0, 0, 0, 0, 18, 23, 202
solr-8.3.1/server/solr-webapp/webapp/js/angular/controllers/cloud.js, JavaScript, 0, 847, 0, 0, 0, 0, 0, 0, 0, 0, 0, 0, 0, 0, 0, 0, 0, 51, 124, 1022
solr-8.3.1/server/solr-webapp/webapp/js/angular/controllers/cluster-suggestions.js, JavaScript, 0, 43, 0, 0, 0, 0, 0, 0, 0, 0, 0, 0, 0, 0, 0, 0, 0, 18, 2, 63
solr-8.3.1/server/solr-webapp/webapp/js/angular/controllers/collection-overview.js, JavaScript, 0, 18, 0, 0, 0, 0, 0, 0, 0, 0, 0, 0, 0, 0, 0, 0, 0, 16, 6, 40
solr-8.3.1/server/solr-webapp/webapp/js/angular/controllers/collections.js, JavaScript, 0, 244, 0, 0, 0, 0, 0, 0, 0, 0, 0, 0, 0, 0, 0, 0, 0, 19, 27, 290
solr-8.3.1/server/solr-webapp/webapp/js/angular/controllers/core-overview.js, JavaScript, 0, 69, 0, 0, 0, 0, 0, 0, 0, 0, 0, 0, 0, 0, 0, 0, 0, 16, 9, 94
solr-8.3.1/server/solr-webapp/webapp/js/angular/controllers/cores.js, JavaScript, 0, 151, 0, 0, 0, 0, 0, 0, 0, 0, 0, 0, 0, 0, 0, 0, 0, 16, 14, 181
solr-8.3.1/server/solr-webapp/webapp/js/angular/controllers/dataimport.js, JavaScript, 0, 234, 0, 0, 0, 0, 0, 0, 0, 0, 0, 0, 0, 0, 0, 0, 0, 25, 44, 303
solr-8.3.1/server/solr-webapp/webapp/js/angular/controllers/documents.js, JavaScript, 0, 107, 0, 0, 0, 0, 0, 0, 0, 0, 0, 0, 0, 0, 0, 0, 0, 18, 13, 138
solr-8.3.1/server/solr-webapp/webapp/js/angular/controllers/files.js, JavaScript, 0, 72, 0, 0, 0, 0, 0, 0, 0, 0, 0, 0, 0, 0, 0, 0, 0, 16, 13, 101
solr-8.3.1/server/solr-webapp/webapp/js/angular/controllers/index.js, JavaScript, 0, 61, 0, 0, 0, 0, 0, 0, 0, 0, 0, 0, 0, 0, 0, 0, 0, 23, 14, 98
solr-8.3.1/server/solr-webapp/webapp/js/angular/controllers/java-properties.js, JavaScript, 0, 27, 0, 0, 0, 0, 0, 0, 0, 0, 0, 0, 0, 0, 0, 0, 0, 16, 3, 46
solr-8.3.1/server/solr-webapp/webapp/js/angular/controllers/logging.js, JavaScript, 0, 112, 0, 0, 0, 0, 0, 0, 0, 0, 0, 0, 0, 0, 0, 0, 0, 35, 12, 159
solr-8.3.1/server/solr-webapp/webapp/js/angular/controllers/login.js, JavaScript, 0, 269, 0, 0, 0, 0, 0, 0, 0, 0, 0, 0, 0, 0, 0, 0, 0, 30, 19, 318
solr-8.3.1/server/solr-webapp/webapp/js/angular/controllers/plugins.js, JavaScript, 0, 130, 0, 0, 0, 0, 0, 0, 0, 0, 0, 0, 0, 0, 0, 0, 0, 19, 19, 168
solr-8.3.1/server/solr-webapp/webapp/js/angular/controllers/query.js, JavaScript, 0, 88, 0, 0, 0, 0, 0, 0, 0, 0, 0, 0, 0, 0, 0, 0, 0, 19, 14, 121
solr-8.3.1/server/solr-webapp/webapp/js/angular/controllers/replication.js, JavaScript, 0, 178, 0, 0, 0, 0, 0, 0, 0, 0, 0, 0, 0, 0, 0, 0, 0, 18, 40, 236
solr-8.3.1/server/solr-webapp/webapp/js/angular/controllers/schema.js, JavaScript, 0, 524, 0, 0, 0, 0, 0, 0, 0, 0, 0, 0, 0, 0, 0, 0, 0, 19, 69, 612
solr-8.3.1/server/solr-webapp/webapp/js/angular/controllers/segments.js, JavaScript, 0, 64, 0, 0, 0, 0, 0, 0, 0, 0, 0, 0, 0, 0, 0, 0, 0, 16, 20, 100
solr-8.3.1/server/solr-webapp/webapp/js/angular/controllers/stream.js, JavaScript, 0, 173, 0, 0, 0, 0, 0, 0, 0, 0, 0, 0, 0, 0, 0, 0, 0, 16, 51, 240
solr-8.3.1/server/solr-webapp/webapp/js/angular/controllers/threads.js, JavaScript, 0, 33, 0, 0, 0, 0, 0, 0, 0, 0, 0, 0, 0, 0, 0, 0, 0, 16, 2, 51
solr-8.3.1/server/solr-webapp/webapp/js/angular/controllers/unknown.js, JavaScript, 0, 14, 0, 0, 0, 0, 0, 0, 0, 0, 0, 0, 0, 0, 0, 0, 0, 22, 2, 38
solr-8.3.1/server/solr-webapp/webapp/js/angular/services.js, JavaScript, 0, 311, 0, 0, 0, 0, 0, 0, 0, 0, 0, 0, 0, 0, 0, 0, 0, 18, 11, 340
solr-8.3.1/server/solr-webapp/webapp/libs/angular-chosen.js, JavaScript, 0, 112, 0, 0, 0, 0, 0, 0, 0, 0, 0, 0, 0, 0, 0, 0, 0, 24, 4, 140
solr-8.3.1/server/solr-webapp/webapp/libs/angular-cookies.js, JavaScript, 0, 73, 0, 0, 0, 0, 0, 0, 0, 0, 0, 0, 0, 0, 0, 0, 0, 135, 22, 230
solr-8.3.1/server/solr-webapp/webapp/libs/angular-cookies.min.js, JavaScript, 0, 2, 0, 0, 0, 0, 0, 0, 0, 0, 0, 0, 0, 0, 0, 0, 0, 29, 1, 32
solr-8.3.1/server/solr-webapp/webapp/libs/angular-resource.min.js, JavaScript, 0, 7, 0, 0, 0, 0, 0, 0, 0, 0, 0, 0, 0, 0, 0, 0, 0, 29, 1, 37
solr-8.3.1/server/solr-webapp/webapp/libs/angular-route.js, JavaScript, 0, 316, 0, 0, 0, 0, 0, 0, 0, 0, 0, 0, 0, 0, 0, 0, 0, 636, 67, 1019
solr-8.3.1/server/solr-webapp/webapp/libs/angular-route.min.js, JavaScript, 0, 9, 0, 0, 0, 0, 0, 0, 0, 0, 0, 0, 0, 0, 0, 0, 0, 29, 1, 39
solr-8.3.1/server/solr-webapp/webapp/libs/angular-sanitize.js, JavaScript, 0, 311, 0, 0, 0, 0, 0, 0, 0, 0, 0, 0, 0, 0, 0, 0, 0, 328, 65, 704
solr-8.3.1/server/solr-webapp/webapp/libs/angular-sanitize.min.js, JavaScript, 0, 10, 0, 0, 0, 0, 0, 0, 0, 0, 0, 0, 0, 0, 0, 0, 0, 29, 1, 40
solr-8.3.1/server/solr-webapp/webapp/libs/angular-utf8-base64.js, JavaScript, 0, 157, 0, 0, 0, 0, 0, 0, 0, 0, 0, 0, 0, 0, 0, 0, 0, 48, 13, 218
solr-8.3.1/server/solr-webapp/webapp/libs/angular-utf8-base64.min.js, JavaScript, 0, 1, 0, 0, 0, 0, 0, 0, 0, 0, 0, 0, 0, 0, 0, 0, 0, 42, 3, 46
solr-8.3.1/server/solr-webapp/webapp/libs/angular.js, JavaScript, 0, 10845, 0, 0, 0, 0, 0, 0, 0, 0, 0, 0, 0, 0, 0, 0, 0, 13211, 2038, 26094
solr-8.3.1/server/solr-webapp/webapp/libs/angular.min.js, JavaScript, 0, 73, 0, 0, 0, 0, 0, 0, 0, 0, 0, 0, 0, 0, 0, 0, 0, 201, 0, 274
solr-8.3.1/server/solr-webapp/webapp/libs/chosen.jquery.js, JavaScript, 0, 1151, 0, 0, 0, 0, 0, 0, 0, 0, 0, 0, 0, 0, 0, 0, 0, 36, 8, 1195
solr-8.3.1/server/solr-webapp/webapp/libs/chosen.jquery.min.js, JavaScript, 0, 2, 0, 0, 0, 0, 0, 0, 0, 0, 0, 0, 0, 0, 0, 0, 0, 29, 0, 31
solr-8.3.1/server/solr-webapp/webapp/libs/d3.js, JavaScript, 0, 7720, 0, 0, 0, 0, 0, 0, 0, 0, 0, 0, 0, 0, 0, 0, 0, 519, 1135, 9374
solr-8.3.1/server/solr-webapp/webapp/libs/highlight.js, JavaScript, 0, 2, 0, 0, 0, 0, 0, 0, 0, 0, 0, 0, 0, 0, 0, 0, 0, 29, 1, 32
solr-8.3.1/server/solr-webapp/webapp/libs/jquery-1.7.2.min.js, JavaScript, 0, 3, 0, 0, 0, 0, 0, 0, 0, 0, 0, 0, 0, 0, 0, 0, 0, 26, 2, 31
solr-8.3.1/server/solr-webapp/webapp/libs/jquery-2.1.3.min.js, JavaScript, 0, 3, 0, 0, 0, 0, 0, 0, 0, 0, 0, 0, 0, 0, 0, 0, 0, 26, 1, 30
solr-8.3.1/server/solr-webapp/webapp/libs/jquery-ui.min.js, JavaScript, 0, 2, 0, 0, 0, 0, 0, 0, 0, 0, 0, 0, 0, 0, 0, 0, 0, 26, 3, 31
solr-8.3.1/server/solr-webapp/webapp/libs/jquery.jstree.js, JavaScript, 0, 3222, 0, 0, 0, 0, 0, 0, 0, 0, 0, 0, 0, 0, 0, 0, 0, 228, 85, 3535
solr-8.3.1/server/solr-webapp/webapp/libs/ngtimeago.js, JavaScript, 0, 66, 0, 0, 0, 0, 0, 0, 0, 0, 0, 0, 0, 0, 0, 0, 0, 23, 13, 102
solr-8.3.1/server/solr-webapp/webapp/partials/alias_overview.html, HTML, 0, 0, 0, 0, 0, 0, 21, 0, 0, 0, 0, 0, 0, 0, 0, 0, 0, 16, 10, 47
solr-8.3.1/server/solr-webapp/webapp/partials/analysis.html, HTML, 0, 0, 0, 0, 0, 0, 87, 0, 0, 0, 0, 0, 0, 0, 0, 0, 0, 16, 26, 129
solr-8.3.1/server/solr-webapp/webapp/partials/cloud.html, HTML, 0, 0, 0, 0, 0, 0, 263, 0, 0, 0, 0, 0, 0, 0, 0, 0, 0, 16, 24, 303
solr-8.3.1/server/solr-webapp/webapp/partials/cluster_suggestions.html, HTML, 0, 0, 0, 0, 0, 0, 30, 0, 0, 0, 0, 0, 0, 0, 0, 0, 0, 16, 4, 50
solr-8.3.1/server/solr-webapp/webapp/partials/collection_overview.html, HTML, 0, 0, 0, 0, 0, 0, 48, 0, 0, 0, 0, 0, 0, 0, 0, 0, 0, 16, 22, 86
solr-8.3.1/server/solr-webapp/webapp/partials/collections.html, HTML, 0, 0, 0, 0, 0, 0, 301, 0, 0, 0, 0, 0, 0, 0, 0, 0, 0, 16, 79, 396
solr-8.3.1/server/solr-webapp/webapp/partials/core_overview.html, HTML, 0, 0, 0, 0, 0, 0, 125, 0, 0, 0, 0, 0, 0, 0, 0, 0, 0, 16, 66, 207
solr-8.3.1/server/solr-webapp/webapp/partials/cores.html, HTML, 0, 0, 0, 0, 0, 0, 142, 0, 0, 0, 0, 0, 0, 0, 0, 0, 0, 16, 67, 225
solr-8.3.1/server/solr-webapp/webapp/partials/dataimport.html, HTML, 0, 0, 0, 0, 0, 0, 142, 0, 0, 0, 0, 0, 0, 0, 0, 0, 0, 16, 52, 210
solr-8.3.1/server/solr-webapp/webapp/partials/documents.html, HTML, 0, 0, 0, 0, 0, 0, 83, 0, 0, 0, 0, 0, 0, 0, 0, 0, 0, 20, 9, 112
solr-8.3.1/server/solr-webapp/webapp/partials/files.html, HTML, 0, 0, 0, 0, 0, 0, 17, 0, 0, 0, 0, 0, 0, 0, 0, 0, 0, 16, 15, 48
solr-8.3.1/server/solr-webapp/webapp/partials/index.html, HTML, 0, 0, 0, 0, 0, 0, 135, 0, 0, 0, 0, 0, 0, 0, 0, 0, 0, 42, 85, 262
solr-8.3.1/server/solr-webapp/webapp/partials/java-properties.html, HTML, 0, 0, 0, 0, 0, 0, 10, 0, 0, 0, 0, 0, 0, 0, 0, 0, 0, 16, 2, 28
solr-8.3.1/server/solr-webapp/webapp/partials/logging-levels.html, HTML, 0, 0, 0, 0, 0, 0, 35, 0, 0, 0, 0, 0, 0, 0, 0, 0, 0, 16, 6, 57
solr-8.3.1/server/solr-webapp/webapp/partials/logging.html, HTML, 0, 0, 0, 0, 0, 0, 40, 0, 0, 0, 0, 0, 0, 0, 0, 0, 0, 16, 2, 58
solr-8.3.1/server/solr-webapp/webapp/partials/login.html, HTML, 0, 0, 0, 0, 0, 0, 134, 0, 0, 0, 0, 0, 0, 0, 0, 0, 0, 16, 11, 161
solr-8.3.1/server/solr-webapp/webapp/partials/plugins.html, HTML, 0, 0, 0, 0, 0, 0, 48, 0, 0, 0, 0, 0, 0, 0, 0, 0, 0, 17, 8, 73
solr-8.3.1/server/solr-webapp/webapp/partials/query.html, HTML, 0, 0, 0, 0, 0, 0, 270, 0, 0, 0, 0, 0, 0, 0, 0, 0, 0, 16, 84, 370
solr-8.3.1/server/solr-webapp/webapp/partials/replication.html, HTML, 0, 0, 0, 0, 0, 0, 153, 0, 0, 0, 0, 0, 0, 0, 0, 0, 0, 16, 71, 240
solr-8.3.1/server/solr-webapp/webapp/partials/schema.html, HTML, 0, 0, 0, 0, 0, 0, 336, 0, 0, 0, 0, 0, 0, 0, 0, 0, 0, 16, 104, 456
solr-8.3.1/server/solr-webapp/webapp/partials/segments.html, HTML, 0, 0, 0, 0, 0, 0, 70, 0, 0, 0, 0, 0, 0, 0, 0, 0, 0, 16, 14, 100
solr-8.3.1/server/solr-webapp/webapp/partials/stream.html, HTML, 0, 0, 0, 0, 0, 0, 40, 0, 0, 0, 0, 0, 0, 0, 0, 0, 0, 16, 9, 65
solr-8.3.1/server/solr-webapp/webapp/partials/threads.html, HTML, 0, 0, 0, 0, 0, 0, 36, 0, 0, 0, 0, 0, 0, 0, 0, 0, 0, 16, 14, 66
solr-8.3.1/server/solr-webapp/webapp/partials/unknown.html, HTML, 0, 0, 0, 0, 0, 0, 5, 0, 0, 0, 0, 0, 0, 0, 0, 0, 0, 16, 3, 24
solr-8.3.1/server/solr/configsets/_default/conf/params.json, JSON, 0, 0, 20, 0, 0, 0, 0, 0, 0, 0, 0, 0, 0, 0, 0, 0, 0, 0, 1, 21
solr-8.3.1/server/solr/configsets/_default/conf/solrconfig.xml, XML, 0, 0, 0, 0, 0, 0, 0, 0, 0, 0, 0, 0, 296, 0, 0, 0, 0, 976, 98, 1370
solr-8.3.1/server/solr/configsets/sample_techproducts_configs/conf/_rest_managed.json, JSON, 0, 0, 1, 0, 0, 0, 0, 0, 0, 0, 0, 0, 0, 0, 0, 0, 0, 0, 1, 2
solr-8.3.1/server/solr/configsets/sample_techproducts_configs/conf/_schema_analysis_stopwords_english.json, JSON, 0, 0, 38, 0, 0, 0, 0, 0, 0, 0, 0, 0, 0, 0, 0, 0, 0, 0, 1, 39
solr-8.3.1/server/solr/configsets/sample_techproducts_configs/conf/_schema_analysis_synonyms_english.json, JSON, 0, 0, 11, 0, 0, 0, 0, 0, 0, 0, 0, 0, 0, 0, 0, 0, 0, 0, 1, 12
solr-8.3.1/server/solr/configsets/sample_techproducts_configs/conf/clustering/carrot2/kmeans-attributes.xml, XML, 0, 0, 0, 0, 0, 0, 0, 0, 0, 0, 0, 0, 13, 0, 0, 0, 0, 6, 1, 20
solr-8.3.1/server/solr/configsets/sample_techproducts_configs/conf/clustering/carrot2/lingo-attributes.xml, XML, 0, 0, 0, 0, 0, 0, 0, 0, 0, 0, 0, 0, 13, 0, 0, 0, 0, 11, 1, 25
solr-8.3.1/server/solr/configsets/sample_techproducts_configs/conf/clustering/carrot2/stc-attributes.xml, XML, 0, 0, 0, 0, 0, 0, 0, 0, 0, 0, 0, 0, 13, 0, 0, 0, 0, 6, 1, 20
solr-8.3.1/server/solr/configsets/sample_techproducts_configs/conf/currency.xml, XML, 0, 0, 0, 0, 0, 0, 0, 0, 0, 0, 0, 0, 45, 0, 0, 0, 0, 19, 4, 68
solr-8.3.1/server/solr/configsets/sample_techproducts_configs/conf/elevate.xml, XML, 0, 0, 0, 0, 0, 0, 0, 0, 0, 0, 0, 0, 3, 0, 0, 0, 0, 37, 3, 43
solr-8.3.1/server/solr/configsets/sample_techproducts_configs/conf/params.json, JSON, 0, 0, 11, 0, 0, 0, 0, 0, 0, 0, 0, 0, 0, 0, 0, 0, 0, 0, 1, 12
solr-8.3.1/server/solr/configsets/sample_techproducts_configs/conf/solrconfig.xml, XML, 0, 0, 0, 0, 0, 0, 0, 0, 0, 0, 0, 0, 410, 0, 0, 0, 0, 1097, 124, 1631
solr-8.3.1/server/solr/configsets/sample_techproducts_configs/conf/update-script.js, JavaScript, 0, 15, 0, 0, 0, 0, 0, 0, 0, 0, 0, 0, 0, 0, 0, 0, 0, 26, 13, 54
solr-8.3.1/server/solr/configsets/sample_techproducts_configs/conf/velocity/jquery.autocomplete.css, CSS, 0, 0, 0, 0, 0, 0, 0, 0, 0, 34, 0, 0, 0, 0, 0, 0, 0, 9, 6, 49
solr-8.3.1/server/solr/configsets/sample_techproducts_configs/conf/velocity/jquery.autocomplete.js, JavaScript, 0, 620, 0, 0, 0, 0, 0, 0, 0, 0, 0, 0, 0, 0, 0, 0, 0, 68, 76, 764
solr-8.3.1/server/solr/configsets/sample_techproducts_configs/conf/velocity/main.css, CSS, 0, 0, 0, 0, 0, 0, 0, 0, 0, 185, 0, 0, 0, 0, 0, 0, 0, 0, 47, 232
solr-8.3.1/server/solr/configsets/sample_techproducts_configs/conf/xslt/example.xsl, XSL, 0, 0, 0, 0, 0, 0, 0, 0, 0, 0, 0, 0, 0, 0, 0, 0, 98, 20, 15, 133
solr-8.3.1/server/solr/configsets/sample_techproducts_configs/conf/xslt/example_atom.xsl, XSL, 0, 0, 0, 0, 0, 0, 0, 0, 0, 0, 0, 0, 0, 0, 0, 0, 40, 20, 8, 68
solr-8.3.1/server/solr/configsets/sample_techproducts_configs/conf/xslt/example_rss.xsl, XSL, 0, 0, 0, 0, 0, 0, 0, 0, 0, 0, 0, 0, 0, 0, 0, 0, 41, 20, 6, 67
solr-8.3.1/server/solr/configsets/sample_techproducts_configs/conf/xslt/luke.xsl, XSL, 0, 0, 0, 0, 0, 0, 0, 0, 0, 0, 0, 0, 0, 0, 0, 0, 301, 19, 18, 338
solr-8.3.1/server/solr/configsets/sample_techproducts_configs/conf/xslt/updateXml.xsl, XSL, 0, 0, 0, 0, 0, 0, 0, 0, 0, 0, 0, 0, 0, 0, 0, 0, 35, 25, 11, 71
solr-8.3.1/server/solr/dash/conf/params.json, JSON, 0, 0, 20, 0, 0, 0, 0, 0, 0, 0, 0, 0, 0, 0, 0, 0, 0, 0, 0, 20
solr-8.3.1/server/solr/dash/conf/schema.xml, XML, 0, 0, 0, 0, 0, 0, 0, 0, 0, 0, 0, 0, 51, 0, 0, 0, 0, 4, 7, 62
solr-8.3.1/server/solr/dash/conf/solrconfig.xml, XML, 0, 0, 0, 0, 0, 0, 0, 0, 0, 0, 0, 0, 270, 0, 0, 0, 0, 962, 97, 1329
solr-8.3.1/server/solr/dash/core.properties, Properties, 0, 0, 0, 0, 0, 0, 0, 0, 0, 0, 0, 0, 0, 4, 0, 0, 0, 2, 1, 7
solr-8.3.1/server/solr/solr.xml, XML, 0, 0, 0, 0, 0, 0, 0, 0, 0, 0, 0, 0, 21, 0, 0, 0, 0, 25, 11, 57
solr-8.3.1/server/solr/zoo.cfg, Properties, 0, 0, 0, 0, 0, 0, 0, 0, 0, 0, 0, 0, 0, 3, 0, 0, 0, 25, 4, 32
solr-8.3.1/server/tmp/start_3204295554151338130.properties, Properties, 0, 0, 0, 0, 0, 0, 0, 0, 0, 0, 0, 0, 0, 9, 0, 0, 0, 2, 1, 12
solr-8.3.1/server/tmp/start_5812170489311981381.properties, Properties, 0, 0, 0, 0, 0, 0, 0, 0, 0, 0, 0, 0, 0, 9, 0, 0, 0, 2, 1, 12
solr-8.3.1/server/tmp/start_6476327636763392575.properties, Properties, 0, 0, 0, 0, 0, 0, 0, 0, 0, 0, 0, 0, 0, 9, 0, 0, 0, 2, 1, 12
solr-8.3.1/server/tmp/start_7329004517204835686.properties, Properties, 0, 0, 0, 0, 0, 0, 0, 0, 0, 0, 0, 0, 0, 9, 0, 0, 0, 2, 1, 12
solr-8.3.1/server/tmp/start_9067375725008958788.properties, Properties, 0, 0, 0, 0, 0, 0, 0, 0, 0, 0, 0, 0, 0, 9, 0, 0, 0, 2, 1, 12
src/Utils.ts, TypeScript, 0, 0, 0, 0, 0, 441, 0, 0, 0, 0, 0, 0, 0, 0, 0, 0, 0, 23, 81, 545
src/client/ClientRecommender.scss, SCSS, 0, 0, 0, 0, 0, 0, 0, 0, 0, 0, 0, 9, 0, 0, 0, 0, 0, 1, 2, 12
src/client/ClientRecommender.tsx, TypeScript React, 0, 0, 0, 0, 0, 0, 0, 0, 0, 0, 320, 0, 0, 0, 0, 0, 0, 61, 44, 425
src/client/DocServer.ts, TypeScript, 0, 0, 0, 0, 0, 279, 0, 0, 0, 0, 0, 0, 0, 0, 0, 0, 0, 136, 65, 480
src/client/Network.ts, TypeScript, 0, 0, 0, 0, 0, 34, 0, 0, 0, 0, 0, 0, 0, 0, 0, 0, 0, 0, 5, 39
src/client/apis/GoogleAuthenticationManager.scss, SCSS, 0, 0, 0, 0, 0, 0, 0, 0, 0, 0, 0, 16, 0, 0, 0, 0, 0, 0, 3, 19
src/client/apis/GoogleAuthenticationManager.tsx, TypeScript React, 0, 0, 0, 0, 0, 0, 0, 0, 0, 0, 115, 0, 0, 0, 0, 0, 0, 2, 11, 128
src/client/apis/IBM_Recommender.ts, TypeScript, 0, 0, 0, 0, 0, 0, 0, 0, 0, 0, 0, 0, 0, 0, 0, 0, 0, 33, 7, 40
src/client/apis/google_docs/GoogleApiClientUtils.ts, TypeScript, 0, 0, 0, 0, 0, 225, 0, 0, 0, 0, 0, 0, 0, 0, 0, 0, 0, 9, 27, 261
src/client/apis/google_docs/GooglePhotosClientUtils.ts, TypeScript, 0, 0, 0, 0, 0, 318, 0, 0, 0, 0, 0, 0, 0, 0, 0, 0, 0, 0, 46, 364
src/client/apis/youtube/YoutubeBox.scss, SCSS, 0, 0, 0, 0, 0, 0, 0, 0, 0, 0, 0, 105, 0, 0, 0, 0, 0, 5, 16, 126
src/client/apis/youtube/YoutubeBox.tsx, TypeScript React, 0, 0, 0, 0, 0, 0, 0, 0, 0, 0, 274, 0, 0, 0, 0, 0, 0, 48, 40, 362
src/client/cognitive_services/CognitiveServices.ts, TypeScript, 0, 0, 0, 0, 0, 342, 0, 0, 0, 0, 0, 0, 0, 0, 0, 0, 0, 10, 57, 409
src/client/documents/DocumentTypes.ts, TypeScript, 0, 0, 0, 0, 0, 32, 0, 0, 0, 0, 0, 0, 0, 0, 0, 0, 0, 2, 3, 37
src/client/documents/Documents.ts, TypeScript, 0, 0, 0, 0, 0, 807, 0, 0, 0, 0, 0, 0, 0, 0, 0, 0, 0, 141, 87, 1035
src/client/goldenLayout.d.ts, TypeScript, 0, 0, 0, 0, 0, 2, 0, 0, 0, 0, 0, 0, 0, 0, 0, 0, 0, 0, 1, 3
src/client/goldenLayout.js, JavaScript, 0, 3084, 0, 0, 0, 0, 0, 0, 0, 0, 0, 0, 0, 0, 0, 0, 0, 1571, 720, 5375
src/client/util/DictationManager.ts, TypeScript, 0, 0, 0, 0, 0, 312, 0, 0, 0, 0, 0, 0, 0, 0, 0, 0, 0, 25, 51, 388
src/client/util/DocumentManager.ts, TypeScript, 0, 0, 0, 0, 0, 207, 0, 0, 0, 0, 0, 0, 0, 0, 0, 0, 0, 16, 21, 244
src/client/util/DragManager.ts, TypeScript, 0, 0, 0, 0, 0, 504, 0, 0, 0, 0, 0, 0, 0, 0, 0, 0, 0, 11, 35, 550
src/client/util/DropConverter.ts, TypeScript, 0, 0, 0, 0, 0, 70, 0, 0, 0, 0, 0, 0, 0, 0, 0, 0, 0, 6, 2, 78
src/client/util/History.ts, TypeScript, 0, 0, 0, 0, 0, 166, 0, 0, 0, 0, 0, 0, 0, 0, 0, 0, 0, 13, 27, 206
src/client/util/Import & Export/DirectoryImportBox.scss, SCSS, 0, 0, 0, 0, 0, 0, 0, 0, 0, 0, 0, 6, 0, 0, 0, 0, 0, 0, 0, 6
src/client/util/Import & Export/DirectoryImportBox.tsx, TypeScript React, 0, 0, 0, 0, 0, 0, 0, 0, 0, 0, 393, 0, 0, 0, 0, 0, 0, 0, 31, 424
src/client/util/Import & Export/ImageUtils.ts, TypeScript, 0, 0, 0, 0, 0, 35, 0, 0, 0, 0, 0, 0, 0, 0, 0, 0, 0, 0, 4, 39
src/client/util/Import & Export/ImportMetadataEntry.tsx, TypeScript React, 0, 0, 0, 0, 0, 0, 0, 0, 0, 0, 132, 0, 0, 0, 0, 0, 0, 0, 17, 149
src/client/util/InteractionUtils.tsx, TypeScript React, 0, 0, 0, 0, 0, 0, 0, 0, 0, 0, 122, 0, 0, 0, 0, 0, 0, 112, 21, 255
src/client/util/KeyCodes.ts, TypeScript, 0, 0, 0, 0, 0, 100, 0, 0, 0, 0, 0, 0, 0, 0, 0, 0, 0, 36, 0, 136
src/client/util/LinkManager.ts, TypeScript, 0, 0, 0, 0, 0, 161, 0, 0, 0, 0, 0, 0, 0, 0, 0, 0, 0, 30, 23, 214
src/client/util/ProsemirrorCopy/prompt.js, JavaScript, 0, 128, 0, 0, 0, 0, 0, 0, 0, 0, 0, 0, 0, 0, 0, 0, 0, 30, 22, 180
src/client/util/Scripting.ts, TypeScript, 0, 0, 0, 0, 0, 247, 0, 0, 0, 0, 0, 0, 0, 0, 0, 0, 0, 15, 30, 292
src/client/util/ScrollBox.tsx, TypeScript React, 0, 0, 0, 0, 0, 0, 0, 0, 0, 0, 19, 0, 0, 0, 0, 0, 0, 0, 2, 21
src/client/util/SearchUtil.ts, TypeScript, 0, 0, 0, 0, 0, 123, 0, 0, 0, 0, 0, 0, 0, 0, 0, 0, 0, 4, 18, 145
src/client/util/SelectionManager.ts, TypeScript, 0, 0, 0, 0, 0, 69, 0, 0, 0, 0, 0, 0, 0, 0, 0, 0, 0, 5, 15, 89
src/client/util/SerializationHelper.ts, TypeScript, 0, 0, 0, 0, 0, 113, 0, 0, 0, 0, 0, 0, 0, 0, 0, 0, 0, 15, 15, 143
src/client/util/SettingsManager.scss, SCSS, 0, 0, 0, 0, 0, 0, 0, 0, 0, 0, 0, 111, 0, 0, 0, 0, 0, 0, 25, 136
src/client/util/SettingsManager.tsx, TypeScript React, 0, 0, 0, 0, 0, 0, 0, 0, 0, 0, 114, 0, 0, 0, 0, 0, 0, 0, 17, 131
src/client/util/SharingManager.scss, SCSS, 0, 0, 0, 0, 0, 0, 0, 0, 0, 0, 0, 122, 0, 0, 0, 0, 0, 0, 18, 140
src/client/util/SharingManager.tsx, TypeScript React, 0, 0, 0, 0, 0, 0, 0, 0, 0, 0, 273, 0, 0, 0, 0, 0, 0, 0, 25, 298
src/client/util/Transform.ts, TypeScript, 0, 0, 0, 0, 0, 76, 0, 0, 0, 0, 0, 0, 0, 0, 0, 0, 0, 0, 23, 99
src/client/util/TypedEvent.ts, TypeScript, 0, 0, 0, 0, 0, 29, 0, 0, 0, 0, 0, 0, 0, 0, 0, 0, 0, 3, 8, 40
src/client/util/UndoManager.ts, TypeScript, 0, 0, 0, 0, 0, 167, 0, 0, 0, 0, 0, 0, 0, 0, 0, 0, 0, 1, 27, 195
src/client/util/clamp.js, JavaScript, 0, 14, 0, 0, 0, 0, 0, 0, 0, 0, 0, 0, 0, 0, 0, 0, 0, 0, 1, 15
src/client/util/convertToCSSPTValue.js, JavaScript, 0, 31, 0, 0, 0, 0, 0, 0, 0, 0, 0, 0, 0, 0, 0, 0, 0, 4, 8, 43
src/client/util/jsx-decl.d.ts, TypeScript, 0, 0, 0, 0, 0, 1, 0, 0, 0, 0, 0, 0, 0, 0, 0, 0, 0, 0, 1, 2
src/client/util/request-image-size.js, JavaScript, 0, 51, 0, 0, 0, 0, 0, 0, 0, 0, 0, 0, 0, 0, 0, 0, 0, 10, 14, 75
src/client/util/toCSSLineSpacing.js, JavaScript, 0, 35, 0, 0, 0, 0, 0, 0, 0, 0, 0, 0, 0, 0, 0, 0, 0, 15, 14, 64
src/client/views/AntimodeMenu.scss, SCSS, 0, 0, 0, 0, 0, 0, 0, 0, 0, 0, 0, 35, 0, 0, 0, 0, 0, 1, 6, 42
src/client/views/AntimodeMenu.tsx, TypeScript React, 0, 0, 0, 0, 0, 0, 0, 0, 0, 0, 121, 0, 0, 0, 0, 0, 0, 14, 22, 157
src/client/views/ContextMenu.scss, SCSS, 0, 0, 0, 0, 0, 0, 0, 0, 0, 0, 0, 130, 0, 0, 0, 0, 0, 17, 14, 161
src/client/views/ContextMenu.tsx, TypeScript React, 0, 0, 0, 0, 0, 0, 0, 0, 0, 0, 258, 0, 0, 0, 0, 0, 0, 3, 33, 294
src/client/views/ContextMenuItem.tsx, TypeScript React, 0, 0, 0, 0, 0, 0, 0, 0, 0, 0, 107, 0, 0, 0, 0, 0, 0, 0, 10, 117
src/client/views/DictationOverlay.tsx, TypeScript React, 0, 0, 0, 0, 0, 0, 0, 0, 0, 0, 64, 0, 0, 0, 0, 0, 0, 0, 7, 71
src/client/views/DocComponent.tsx, TypeScript React, 0, 0, 0, 0, 0, 0, 0, 0, 0, 0, 87, 0, 0, 0, 0, 0, 0, 20, 15, 122
src/client/views/DocumentButtonBar.scss, SCSS, 0, 0, 0, 0, 0, 0, 0, 0, 0, 0, 0, 89, 0, 0, 0, 0, 0, 0, 16, 105
src/client/views/DocumentButtonBar.tsx, TypeScript React, 0, 0, 0, 0, 0, 0, 0, 0, 0, 0, 284, 0, 0, 0, 0, 0, 0, 4, 27, 315
src/client/views/DocumentDecorations.scss, SCSS, 0, 0, 0, 0, 0, 0, 0, 0, 0, 0, 0, 319, 0, 0, 0, 0, 0, 0, 46, 365
src/client/views/DocumentDecorations.tsx, TypeScript React, 0, 0, 0, 0, 0, 0, 0, 0, 0, 0, 479, 0, 0, 0, 0, 0, 0, 2, 26, 507
src/client/views/EditableView.scss, SCSS, 0, 0, 0, 0, 0, 0, 0, 0, 0, 0, 0, 22, 0, 0, 0, 0, 0, 0, 3, 25
src/client/views/EditableView.tsx, TypeScript React, 0, 0, 0, 0, 0, 0, 0, 0, 0, 0, 149, 0, 0, 0, 0, 0, 0, 19, 16, 184
src/client/views/GestureOverlay.scss, SCSS, 0, 0, 0, 0, 0, 0, 0, 0, 0, 0, 0, 56, 0, 0, 0, 0, 0, 0, 8, 64
src/client/views/GestureOverlay.tsx, TypeScript React, 0, 0, 0, 0, 0, 0, 0, 0, 0, 0, 711, 0, 0, 0, 0, 0, 0, 45, 67, 823
src/client/views/GlobalKeyHandler.ts, TypeScript, 0, 0, 0, 0, 0, 232, 0, 0, 0, 0, 0, 0, 0, 0, 0, 0, 0, 10, 27, 269
src/client/views/InkingControl.scss, SCSS, 0, 0, 0, 0, 0, 0, 0, 0, 0, 0, 0, 127, 0, 0, 0, 0, 0, 4, 0, 131
src/client/views/InkingControl.tsx, TypeScript React, 0, 0, 0, 0, 0, 0, 0, 0, 0, 0, 78, 0, 0, 0, 0, 0, 0, 3, 10, 91
src/client/views/InkingStroke.scss, SCSS, 0, 0, 0, 0, 0, 0, 0, 0, 0, 0, 0, 7, 0, 0, 0, 0, 0, 0, 0, 7
src/client/views/InkingStroke.tsx, TypeScript React, 0, 0, 0, 0, 0, 0, 0, 0, 0, 0, 63, 0, 0, 0, 0, 0, 0, 0, 5, 68
src/client/views/KeyphraseQueryView.scss, SCSS, 0, 0, 0, 0, 0, 0, 0, 0, 0, 0, 0, 7, 0, 0, 0, 0, 0, 0, 1, 8
src/client/views/KeyphraseQueryView.tsx, TypeScript React, 0, 0, 0, 0, 0, 0, 0, 0, 0, 0, 30, 0, 0, 0, 0, 0, 0, 2, 3, 35
src/client/views/Main.scss, SCSS, 0, 0, 0, 0, 0, 0, 0, 0, 0, 0, 0, 51, 0, 0, 0, 0, 0, 8, 10, 69
src/client/views/Main.tsx, TypeScript React, 0, 0, 0, 0, 0, 0, 0, 0, 0, 0, 22, 0, 0, 0, 0, 0, 0, 1, 2, 25
src/client/views/MainView.scss, SCSS, 0, 0, 0, 0, 0, 0, 0, 0, 0, 0, 0, 138, 0, 0, 0, 0, 0, 1, 21, 160
src/client/views/MainView.tsx, TypeScript React, 0, 0, 0, 0, 0, 0, 0, 0, 0, 0, 553, 0, 0, 0, 0, 0, 0, 13, 36, 602
src/client/views/MainViewModal.scss, SCSS, 0, 0, 0, 0, 0, 0, 0, 0, 0, 0, 0, 24, 0, 0, 0, 0, 0, 0, 1, 25
src/client/views/MainViewModal.tsx, TypeScript React, 0, 0, 0, 0, 0, 0, 0, 0, 0, 0, 39, 0, 0, 0, 0, 0, 0, 0, 5, 44
src/client/views/MainViewNotifs.scss, SCSS, 0, 0, 0, 0, 0, 0, 0, 0, 0, 0, 0, 17, 0, 0, 0, 0, 0, 0, 1, 18
src/client/views/MainViewNotifs.tsx, TypeScript React, 0, 0, 0, 0, 0, 0, 0, 0, 0, 0, 29, 0, 0, 0, 0, 0, 0, 0, 4, 33
src/client/views/MetadataEntryMenu.scss, SCSS, 0, 0, 0, 0, 0, 0, 0, 0, 0, 0, 0, 79, 0, 0, 0, 0, 0, 0, 14, 93
src/client/views/MetadataEntryMenu.tsx, TypeScript React, 0, 0, 0, 0, 0, 0, 0, 0, 0, 0, 207, 0, 0, 0, 0, 0, 0, 0, 16, 223
src/client/views/OCRUtils.ts, TypeScript, 0, 0, 0, 0, 0, 2, 0, 0, 0, 0, 0, 0, 0, 0, 0, 0, 0, 2, 4, 8
src/client/views/OverlayView.scss, SCSS, 0, 0, 0, 0, 0, 0, 0, 0, 0, 0, 0, 41, 0, 0, 0, 0, 0, 0, 6, 47
src/client/views/OverlayView.tsx, TypeScript React, 0, 0, 0, 0, 0, 0, 0, 0, 0, 0, 194, 0, 0, 0, 0, 0, 0, 4, 19, 217
src/client/views/Palette.scss, SCSS, 0, 0, 0, 0, 0, 0, 0, 0, 0, 0, 0, 26, 0, 0, 0, 0, 0, 0, 4, 30
src/client/views/Palette.tsx, TypeScript React, 0, 0, 0, 0, 0, 0, 0, 0, 0, 0, 65, 0, 0, 0, 0, 0, 0, 0, 5, 70
src/client/views/PreviewCursor.scss, SCSS, 0, 0, 0, 0, 0, 0, 0, 0, 0, 0, 0, 9, 0, 0, 0, 0, 0, 0, 1, 10
src/client/views/PreviewCursor.tsx, TypeScript React, 0, 0, 0, 0, 0, 0, 0, 0, 0, 0, 115, 0, 0, 0, 0, 0, 0, 8, 9, 132
src/client/views/RecommendationsBox.scss, SCSS, 0, 0, 0, 0, 0, 0, 0, 0, 0, 0, 0, 52, 0, 0, 0, 0, 0, 10, 8, 70
src/client/views/RecommendationsBox.tsx, TypeScript React, 0, 0, 0, 0, 0, 0, 0, 0, 0, 0, 116, 0, 0, 0, 0, 0, 0, 67, 17, 200
src/client/views/ScriptBox.scss, SCSS, 0, 0, 0, 0, 0, 0, 0, 0, 0, 0, 0, 15, 0, 0, 0, 0, 0, 0, 2, 17
src/client/views/ScriptBox.tsx, TypeScript React, 0, 0, 0, 0, 0, 0, 0, 0, 0, 0, 112, 0, 0, 0, 0, 0, 0, 2, 12, 126
src/client/views/ScriptingRepl.scss, SCSS, 0, 0, 0, 0, 0, 0, 0, 0, 0, 0, 0, 42, 0, 0, 0, 0, 0, 0, 9, 51
src/client/views/ScriptingRepl.tsx, TypeScript React, 0, 0, 0, 0, 0, 0, 0, 0, 0, 0, 220, 0, 0, 0, 0, 0, 0, 1, 24, 245
src/client/views/SearchDocBox.tsx, TypeScript React, 0, 0, 0, 0, 0, 0, 0, 0, 0, 0, 359, 0, 0, 0, 0, 0, 0, 17, 55, 431
src/client/views/TemplateMenu.scss, SCSS, 0, 0, 0, 0, 0, 0, 0, 0, 0, 0, 0, 46, 0, 0, 0, 0, 0, 0, 5, 51
src/client/views/TemplateMenu.tsx, TypeScript React, 0, 0, 0, 0, 0, 0, 0, 0, 0, 0, 167, 0, 0, 0, 0, 0, 0, 1, 14, 182
src/client/views/Templates.tsx, TypeScript React, 0, 0, 0, 0, 0, 0, 0, 0, 0, 0, 34, 0, 0, 0, 0, 0, 0, 0, 8, 42
src/client/views/TouchScrollableMenu.tsx, TypeScript React, 0, 0, 0, 0, 0, 0, 0, 0, 0, 0, 52, 0, 0, 0, 0, 0, 0, 0, 7, 59
src/client/views/Touchable.tsx, TypeScript React, 0, 0, 0, 0, 0, 0, 0, 0, 0, 0, 172, 0, 0, 0, 0, 0, 0, 28, 39, 239
src/client/views/_nodeModuleOverrides.scss, SCSS, 0, 0, 0, 0, 0, 0, 0, 0, 0, 0, 0, 9, 0, 0, 0, 0, 0, 9, 4, 22
src/client/views/animationtimeline/Keyframe.scss, SCSS, 0, 0, 0, 0, 0, 0, 0, 0, 0, 0, 0, 83, 0, 0, 0, 0, 0, 5, 17, 105
src/client/views/animationtimeline/Keyframe.tsx, TypeScript React, 0, 0, 0, 0, 0, 0, 0, 0, 0, 0, 468, 0, 0, 0, 0, 0, 0, 50, 42, 560
src/client/views/animationtimeline/Timeline.scss, SCSS, 0, 0, 0, 0, 0, 0, 0, 0, 0, 0, 0, 264, 0, 0, 0, 0, 0, 14, 44, 322
src/client/views/animationtimeline/Timeline.tsx, TypeScript React, 0, 0, 0, 0, 0, 0, 0, 0, 0, 0, 467, 0, 0, 0, 0, 0, 0, 97, 58, 622
src/client/views/animationtimeline/TimelineMenu.scss, SCSS, 0, 0, 0, 0, 0, 0, 0, 0, 0, 0, 0, 75, 0, 0, 0, 0, 0, 2, 17, 94
src/client/views/animationtimeline/TimelineMenu.tsx, TypeScript React, 0, 0, 0, 0, 0, 0, 0, 0, 0, 0, 68, 0, 0, 0, 0, 0, 0, 0, 10, 78
src/client/views/animationtimeline/TimelineOverview.scss, SCSS, 0, 0, 0, 0, 0, 0, 0, 0, 0, 0, 0, 89, 0, 0, 0, 0, 0, 6, 12, 107
src/client/views/animationtimeline/TimelineOverview.tsx, TypeScript React, 0, 0, 0, 0, 0, 0, 0, 0, 0, 0, 155, 0, 0, 0, 0, 0, 0, 0, 27, 182
src/client/views/animationtimeline/Track.scss, SCSS, 0, 0, 0, 0, 0, 0, 0, 0, 0, 0, 0, 13, 0, 0, 0, 0, 0, 0, 2, 15
src/client/views/animationtimeline/Track.tsx, TypeScript React, 0, 0, 0, 0, 0, 0, 0, 0, 0, 0, 284, 0, 0, 0, 0, 0, 0, 63, 33, 380
src/client/views/collections/CollectionCarouselView.scss, SCSS, 0, 0, 0, 0, 0, 0, 0, 0, 0, 0, 0, 37, 0, 0, 0, 0, 0, 0, 1, 38
src/client/views/collections/CollectionCarouselView.tsx, TypeScript React, 0, 0, 0, 0, 0, 0, 0, 0, 0, 0, 110, 0, 0, 0, 0, 0, 0, 1, 10, 121
src/client/views/collections/CollectionDockingView.scss, SCSS, 0, 0, 0, 0, 0, 0, 0, 0, 0, 0, 0, 391, 0, 0, 0, 0, 0, 7, 60, 458
src/client/views/collections/CollectionDockingView.tsx, TypeScript React, 0, 0, 0, 0, 0, 0, 0, 0, 0, 0, 707, 0, 0, 0, 0, 0, 0, 61, 65, 833
src/client/views/collections/CollectionLinearView.scss, SCSS, 0, 0, 0, 0, 0, 0, 0, 0, 0, 0, 0, 68, 0, 0, 0, 0, 0, 0, 10, 78
src/client/views/collections/CollectionLinearView.tsx, TypeScript React, 0, 0, 0, 0, 0, 0, 0, 0, 0, 0, 125, 0, 0, 0, 0, 0, 0, 1, 9, 135
src/client/views/collections/CollectionMapView.scss, SCSS, 0, 0, 0, 0, 0, 0, 0, 0, 0, 0, 0, 27, 0, 0, 0, 0, 0, 0, 3, 30
src/client/views/collections/CollectionMapView.tsx, TypeScript React, 0, 0, 0, 0, 0, 0, 0, 0, 0, 0, 235, 0, 0, 0, 0, 0, 0, 10, 18, 263
src/client/views/collections/CollectionMasonryViewFieldRow.tsx, TypeScript React, 0, 0, 0, 0, 0, 0, 0, 0, 0, 0, 308, 0, 0, 0, 0, 0, 0, 0, 24, 332
src/client/views/collections/CollectionPileView.scss, SCSS, 0, 0, 0, 0, 0, 0, 0, 0, 0, 0, 0, 8, 0, 0, 0, 0, 0, 0, 1, 9
src/client/views/collections/CollectionPileView.tsx, TypeScript React, 0, 0, 0, 0, 0, 0, 0, 0, 0, 0, 112, 0, 0, 0, 0, 0, 0, 5, 11, 128
src/client/views/collections/CollectionSchemaCells.tsx, TypeScript React, 0, 0, 0, 0, 0, 0, 0, 0, 0, 0, 274, 0, 0, 0, 0, 0, 0, 17, 38, 329
src/client/views/collections/CollectionSchemaHeaders.tsx, TypeScript React, 0, 0, 0, 0, 0, 0, 0, 0, 0, 0, 318, 0, 0, 0, 0, 0, 0, 5, 41, 364
src/client/views/collections/CollectionSchemaMovableTableHOC.tsx, TypeScript React, 0, 0, 0, 0, 0, 0, 0, 0, 0, 0, 216, 0, 0, 0, 0, 0, 0, 0, 27, 243
src/client/views/collections/CollectionSchemaView.scss, SCSS, 0, 0, 0, 0, 0, 0, 0, 0, 0, 0, 0, 406, 0, 0, 0, 0, 0, 4, 88, 498
src/client/views/collections/CollectionSchemaView.tsx, TypeScript React, 0, 0, 0, 0, 0, 0, 0, 0, 0, 0, 651, 0, 0, 0, 0, 0, 0, 20, 82, 753
src/client/views/collections/CollectionStackingView.scss, SCSS, 0, 0, 0, 0, 0, 0, 0, 0, 0, 0, 0, 353, 0, 0, 0, 0, 0, 1, 50, 404
src/client/views/collections/CollectionStackingView.tsx, TypeScript React, 0, 0, 0, 0, 0, 0, 0, 0, 0, 0, 430, 0, 0, 0, 0, 0, 0, 5, 25, 460
src/client/views/collections/CollectionStackingViewFieldColumn.tsx, TypeScript React, 0, 0, 0, 0, 0, 0, 0, 0, 0, 0, 367, 0, 0, 0, 0, 0, 0, 0, 27, 394
src/client/views/collections/CollectionStaffView.scss, SCSS, 0, 0, 0, 0, 0, 0, 0, 0, 0, 0, 0, 12, 0, 0, 0, 0, 0, 0, 1, 13
src/client/views/collections/CollectionStaffView.tsx, TypeScript React, 0, 0, 0, 0, 0, 0, 0, 0, 0, 0, 46, 0, 0, 0, 0, 0, 0, 0, 7, 53
src/client/views/collections/CollectionSubView.tsx, TypeScript React, 0, 0, 0, 0, 0, 0, 0, 0, 0, 0, 390, 0, 0, 0, 0, 0, 0, 7, 25, 422
src/client/views/collections/CollectionTimeView.scss, SCSS, 0, 0, 0, 0, 0, 0, 0, 0, 0, 0, 0, 80, 0, 0, 0, 0, 0, 0, 13, 93
src/client/views/collections/CollectionTimeView.tsx, TypeScript React, 0, 0, 0, 0, 0, 0, 0, 0, 0, 0, 177, 0, 0, 0, 0, 0, 0, 0, 15, 192
src/client/views/collections/CollectionTreeView.scss, SCSS, 0, 0, 0, 0, 0, 0, 0, 0, 0, 0, 0, 125, 0, 0, 0, 0, 0, 4, 23, 152
src/client/views/collections/CollectionTreeView.tsx, TypeScript React, 0, 0, 0, 0, 0, 0, 0, 0, 0, 0, 801, 0, 0, 0, 0, 0, 0, 19, 40, 860
src/client/views/collections/CollectionView.scss, SCSS, 0, 0, 0, 0, 0, 0, 0, 0, 0, 0, 0, 70, 0, 0, 0, 0, 0, 0, 8, 78
src/client/views/collections/CollectionView.tsx, TypeScript React, 0, 0, 0, 0, 0, 0, 0, 0, 0, 0, 457, 0, 0, 0, 0, 0, 0, 13, 34, 504
src/client/views/collections/CollectionViewChromes.scss, SCSS, 0, 0, 0, 0, 0, 0, 0, 0, 0, 0, 0, 308, 0, 0, 0, 0, 0, 4, 45, 357
src/client/views/collections/CollectionViewChromes.tsx, TypeScript React, 0, 0, 0, 0, 0, 0, 0, 0, 0, 0, 393, 0, 0, 0, 0, 0, 0, 67, 47, 507
src/client/views/collections/KeyRestrictionRow.tsx, TypeScript React, 0, 0, 0, 0, 0, 0, 0, 0, 0, 0, 49, 0, 0, 0, 0, 0, 0, 2, 4, 55
src/client/views/collections/ParentDocumentSelector.scss, SCSS, 0, 0, 0, 0, 0, 0, 0, 0, 0, 0, 0, 54, 0, 0, 0, 0, 0, 0, 2, 56
src/client/views/collections/ParentDocumentSelector.tsx, TypeScript React, 0, 0, 0, 0, 0, 0, 0, 0, 0, 0, 120, 0, 0, 0, 0, 0, 0, 0, 11, 131
src/client/views/collections/collectionFreeForm/CollectionFreeFormLayoutEngines.tsx, TypeScript React, 0, 0, 0, 0, 0, 0, 0, 0, 0, 0, 422, 0, 0, 0, 0, 0, 0, 10, 27, 459
src/client/views/collections/collectionFreeForm/CollectionFreeFormLinkView.scss, SCSS, 0, 0, 0, 0, 0, 0, 0, 0, 0, 0, 0, 19, 0, 0, 0, 0, 0, 0, 1, 20
src/client/views/collections/collectionFreeForm/CollectionFreeFormLinkView.tsx, TypeScript React, 0, 0, 0, 0, 0, 0, 0, 0, 0, 0, 110, 0, 0, 0, 0, 0, 0, 5, 4, 119
src/client/views/collections/collectionFreeForm/CollectionFreeFormLinksView.scss, SCSS, 0, 0, 0, 0, 0, 0, 0, 0, 0, 0, 0, 11, 0, 0, 0, 0, 0, 0, 0, 11
src/client/views/collections/collectionFreeForm/CollectionFreeFormLinksView.tsx, TypeScript React, 0, 0, 0, 0, 0, 0, 0, 0, 0, 0, 44, 0, 0, 0, 0, 0, 0, 0, 2, 46
src/client/views/collections/collectionFreeForm/CollectionFreeFormRemoteCursors.scss, SCSS, 0, 0, 0, 0, 0, 0, 0, 0, 0, 0, 0, 20, 0, 0, 0, 0, 0, 1, 3, 24
src/client/views/collections/collectionFreeForm/CollectionFreeFormRemoteCursors.tsx, TypeScript React, 0, 0, 0, 0, 0, 0, 0, 0, 0, 0, 67, 0, 0, 0, 0, 0, 0, 0, 12, 79
src/client/views/collections/collectionFreeForm/CollectionFreeFormView.scss, SCSS, 0, 0, 0, 0, 0, 0, 0, 0, 0, 0, 0, 95, 0, 0, 0, 0, 0, 9, 17, 121
src/client/views/collections/collectionFreeForm/CollectionFreeFormView.tsx, TypeScript React, 0, 0, 0, 0, 0, 0, 0, 0, 0, 0, 1186, 0, 0, 0, 0, 0, 0, 47, 97, 1330
src/client/views/collections/collectionFreeForm/MarqueeOptionsMenu.tsx, TypeScript React, 0, 0, 0, 0, 0, 0, 0, 0, 0, 0, 52, 0, 0, 0, 0, 0, 0, 0, 5, 57
src/client/views/collections/collectionFreeForm/MarqueeView.scss, SCSS, 0, 0, 0, 0, 0, 0, 0, 0, 0, 0, 0, 30, 0, 0, 0, 0, 0, 0, 2, 32
src/client/views/collections/collectionFreeForm/MarqueeView.tsx, TypeScript React, 0, 0, 0, 0, 0, 0, 0, 0, 0, 0, 484, 0, 0, 0, 0, 0, 0, 105, 33, 622
src/client/views/collections/collectionMulticolumn/CollectionMulticolumnView.scss, SCSS, 0, 0, 0, 0, 0, 0, 0, 0, 0, 0, 0, 28, 0, 0, 0, 0, 0, 0, 6, 34
src/client/views/collections/collectionMulticolumn/CollectionMulticolumnView.tsx, TypeScript React, 0, 0, 0, 0, 0, 0, 0, 0, 0, 0, 202, 0, 0, 0, 0, 0, 0, 72, 23, 297
src/client/views/collections/collectionMulticolumn/CollectionMultirowView.scss, SCSS, 0, 0, 0, 0, 0, 0, 0, 0, 0, 0, 0, 29, 0, 0, 0, 0, 0, 0, 6, 35
src/client/views/collections/collectionMulticolumn/CollectionMultirowView.tsx, TypeScript React, 0, 0, 0, 0, 0, 0, 0, 0, 0, 0, 204, 0, 0, 0, 0, 0, 0, 72, 22, 298
src/client/views/collections/collectionMulticolumn/MulticolumnResizer.tsx, TypeScript React, 0, 0, 0, 0, 0, 0, 0, 0, 0, 0, 94, 0, 0, 0, 0, 0, 0, 0, 9, 103
src/client/views/collections/collectionMulticolumn/MulticolumnWidthLabel.tsx, TypeScript React, 0, 0, 0, 0, 0, 0, 0, 0, 0, 0, 51, 0, 0, 0, 0, 0, 0, 0, 5, 56
src/client/views/collections/collectionMulticolumn/MultirowHeightLabel.tsx, TypeScript React, 0, 0, 0, 0, 0, 0, 0, 0, 0, 0, 51, 0, 0, 0, 0, 0, 0, 0, 5, 56
src/client/views/collections/collectionMulticolumn/MultirowResizer.tsx, TypeScript React, 0, 0, 0, 0, 0, 0, 0, 0, 0, 0, 92, 0, 0, 0, 0, 0, 0, 0, 9, 101
src/client/views/globalCssVariables.scss, SCSS, 0, 0, 0, 0, 0, 0, 0, 0, 0, 0, 0, 30, 0, 0, 0, 0, 0, 10, 3, 43
src/client/views/globalCssVariables.scss.d.ts, TypeScript, 0, 0, 0, 0, 0, 9, 0, 0, 0, 0, 0, 0, 0, 0, 0, 0, 0, 0, 2, 11
src/client/views/linking/LinkEditor.scss, SCSS, 0, 0, 0, 0, 0, 0, 0, 0, 0, 0, 0, 124, 0, 0, 0, 0, 0, 1, 25, 150
src/client/views/linking/LinkEditor.tsx, TypeScript React, 0, 0, 0, 0, 0, 0, 0, 0, 0, 0, 252, 0, 0, 0, 0, 0, 0, 7, 50, 309
src/client/views/linking/LinkMenu.scss, SCSS, 0, 0, 0, 0, 0, 0, 0, 0, 0, 0, 0, 40, 0, 0, 0, 0, 0, 0, 13, 53
src/client/views/linking/LinkMenu.tsx, TypeScript React, 0, 0, 0, 0, 0, 0, 0, 0, 0, 0, 65, 0, 0, 0, 0, 0, 0, 1, 10, 76
src/client/views/linking/LinkMenuGroup.tsx, TypeScript React, 0, 0, 0, 0, 0, 0, 0, 0, 0, 0, 84, 0, 0, 0, 0, 0, 0, 0, 10, 94
src/client/views/linking/LinkMenuItem.scss, SCSS, 0, 0, 0, 0, 0, 0, 0, 0, 0, 0, 0, 75, 0, 0, 0, 0, 0, 1, 11, 87
src/client/views/linking/LinkMenuItem.tsx, TypeScript React, 0, 0, 0, 0, 0, 0, 0, 0, 0, 0, 107, 0, 0, 0, 0, 0, 0, 0, 19, 126
src/client/views/nodes/AudioBox.scss, SCSS, 0, 0, 0, 0, 0, 0, 0, 0, 0, 0, 0, 146, 0, 0, 0, 0, 0, 0, 0, 146
src/client/views/nodes/AudioBox.tsx, TypeScript React, 0, 0, 0, 0, 0, 0, 0, 0, 0, 0, 261, 0, 0, 0, 0, 0, 0, 2, 24, 287
src/client/views/nodes/CollectionFreeFormDocumentView.scss, SCSS, 0, 0, 0, 0, 0, 0, 0, 0, 0, 0, 0, 8, 0, 0, 0, 0, 0, 0, 0, 8
src/client/views/nodes/CollectionFreeFormDocumentView.tsx, TypeScript React, 0, 0, 0, 0, 0, 0, 0, 0, 0, 0, 124, 0, 0, 0, 0, 0, 0, 0, 7, 131
src/client/views/nodes/ColorBox.scss, SCSS, 0, 0, 0, 0, 0, 0, 0, 0, 0, 0, 0, 22, 0, 0, 0, 0, 0, 0, 1, 23
src/client/views/nodes/ColorBox.tsx, TypeScript React, 0, 0, 0, 0, 0, 0, 0, 0, 0, 0, 28, 0, 0, 0, 0, 0, 0, 0, 4, 32
src/client/views/nodes/ContentFittingDocumentView.scss, SCSS, 0, 0, 0, 0, 0, 0, 0, 0, 0, 0, 0, 20, 0, 0, 0, 0, 0, 0, 4, 24
src/client/views/nodes/ContentFittingDocumentView.tsx, TypeScript React, 0, 0, 0, 0, 0, 0, 0, 0, 0, 0, 117, 0, 0, 0, 0, 0, 0, 0, 7, 124
src/client/views/nodes/DocumentBox.scss, SCSS, 0, 0, 0, 0, 0, 0, 0, 0, 0, 0, 0, 14, 0, 0, 0, 0, 0, 0, 0, 14
src/client/views/nodes/DocumentBox.tsx, TypeScript React, 0, 0, 0, 0, 0, 0, 0, 0, 0, 0, 154, 0, 0, 0, 0, 0, 0, 0, 4, 158
src/client/views/nodes/DocumentContentsView.tsx, TypeScript React, 0, 0, 0, 0, 0, 0, 0, 0, 0, 0, 183, 0, 0, 0, 0, 0, 0, 10, 17, 210
src/client/views/nodes/DocumentIcon.tsx, TypeScript React, 0, 0, 0, 0, 0, 0, 0, 0, 0, 0, 60, 0, 0, 0, 0, 0, 0, 0, 5, 65
src/client/views/nodes/DocumentView.scss, SCSS, 0, 0, 0, 0, 0, 0, 0, 0, 0, 0, 0, 110, 0, 0, 0, 0, 0, 1, 15, 126
src/client/views/nodes/DocumentView.tsx, TypeScript React, 0, 0, 0, 0, 0, 0, 0, 0, 0, 0, 1041, 0, 0, 0, 0, 0, 0, 54, 94, 1189
src/client/views/nodes/FaceRectangle.tsx, TypeScript React, 0, 0, 0, 0, 0, 0, 0, 0, 0, 0, 25, 0, 0, 0, 0, 0, 0, 0, 4, 29
src/client/views/nodes/FaceRectangles.tsx, TypeScript React, 0, 0, 0, 0, 0, 0, 0, 0, 0, 0, 41, 0, 0, 0, 0, 0, 0, 0, 5, 46
src/client/views/nodes/FieldTextBox.scss, SCSS, 0, 0, 0, 0, 0, 0, 0, 0, 0, 0, 0, 12, 0, 0, 0, 0, 0, 0, 3, 15
src/client/views/nodes/FieldView.tsx, TypeScript React, 0, 0, 0, 0, 0, 0, 0, 0, 0, 0, 89, 0, 0, 0, 0, 0, 0, 43, 4, 136
src/client/views/nodes/FontIconBox.scss, SCSS, 0, 0, 0, 0, 0, 0, 0, 0, 0, 0, 0, 25, 0, 0, 0, 0, 0, 0, 2, 27
src/client/views/nodes/FontIconBox.tsx, TypeScript React, 0, 0, 0, 0, 0, 0, 0, 0, 0, 0, 58, 0, 0, 0, 0, 0, 0, 0, 5, 63
src/client/views/nodes/ImageBox.scss, SCSS, 0, 0, 0, 0, 0, 0, 0, 0, 0, 0, 0, 135, 0, 0, 0, 0, 0, 0, 17, 152
src/client/views/nodes/ImageBox.tsx, TypeScript React, 0, 0, 0, 0, 0, 0, 0, 0, 0, 0, 430, 0, 0, 0, 0, 0, 0, 10, 35, 475
src/client/views/nodes/KeyValueBox.scss, SCSS, 0, 0, 0, 0, 0, 0, 0, 0, 0, 0, 0, 120, 0, 0, 0, 0, 0, 0, 3, 123
src/client/views/nodes/KeyValueBox.tsx, TypeScript React, 0, 0, 0, 0, 0, 0, 0, 0, 0, 0, 244, 0, 0, 0, 0, 0, 0, 1, 26, 271
src/client/views/nodes/KeyValuePair.scss, SCSS, 0, 0, 0, 0, 0, 0, 0, 0, 0, 0, 0, 55, 0, 0, 0, 0, 0, 1, 4, 60
src/client/views/nodes/KeyValuePair.tsx, TypeScript React, 0, 0, 0, 0, 0, 0, 0, 0, 0, 0, 125, 0, 0, 0, 0, 0, 0, 2, 8, 135
src/client/views/nodes/LabelBox.scss, SCSS, 0, 0, 0, 0, 0, 0, 0, 0, 0, 0, 0, 31, 0, 0, 0, 0, 0, 0, 4, 35
src/client/views/nodes/LabelBox.tsx, TypeScript React, 0, 0, 0, 0, 0, 0, 0, 0, 0, 0, 86, 0, 0, 0, 0, 0, 0, 1, 9, 96
src/client/views/nodes/LinkAnchorBox.scss, SCSS, 0, 0, 0, 0, 0, 0, 0, 0, 0, 0, 0, 27, 0, 0, 0, 0, 0, 0, 2, 29
src/client/views/nodes/LinkAnchorBox.tsx, TypeScript React, 0, 0, 0, 0, 0, 0, 0, 0, 0, 0, 141, 0, 0, 0, 0, 0, 0, 0, 9, 150
src/client/views/nodes/LinkBox.scss, SCSS, 0, 0, 0, 0, 0, 0, 0, 0, 0, 0, 0, 3, 0, 0, 0, 0, 0, 0, 0, 3
src/client/views/nodes/LinkBox.tsx, TypeScript React, 0, 0, 0, 0, 0, 0, 0, 0, 0, 0, 33, 0, 0, 0, 0, 0, 0, 0, 3, 36
src/client/views/nodes/PDFBox.scss, SCSS, 0, 0, 0, 0, 0, 0, 0, 0, 0, 0, 0, 200, 0, 0, 0, 0, 0, 0, 19, 219
src/client/views/nodes/PDFBox.tsx, TypeScript React, 0, 0, 0, 0, 0, 0, 0, 0, 0, 0, 246, 0, 0, 0, 0, 0, 0, 0, 19, 265
src/client/views/nodes/PresBox.scss, SCSS, 0, 0, 0, 0, 0, 0, 0, 0, 0, 0, 0, 52, 0, 0, 0, 0, 0, 0, 1, 53
src/client/views/nodes/PresBox.tsx, TypeScript React, 0, 0, 0, 0, 0, 0, 0, 0, 0, 0, 268, 0, 0, 0, 0, 0, 0, 31, 32, 331
src/client/views/nodes/QueryBox.scss, SCSS, 0, 0, 0, 0, 0, 0, 0, 0, 0, 0, 0, 5, 0, 0, 0, 0, 0, 0, 0, 5
src/client/views/nodes/QueryBox.tsx, TypeScript React, 0, 0, 0, 0, 0, 0, 0, 0, 0, 0, 37, 0, 0, 0, 0, 0, 0, 0, 4, 41
src/client/views/nodes/RadialMenu.scss, SCSS, 0, 0, 0, 0, 0, 0, 0, 0, 0, 0, 0, 60, 0, 0, 0, 0, 0, 3, 7, 70
src/client/views/nodes/RadialMenu.tsx, TypeScript React, 0, 0, 0, 0, 0, 0, 0, 0, 0, 0, 174, 0, 0, 0, 0, 0, 0, 26, 36, 236
src/client/views/nodes/RadialMenuItem.tsx, TypeScript React, 0, 0, 0, 0, 0, 0, 0, 0, 0, 0, 101, 0, 0, 0, 0, 0, 0, 0, 16, 117
src/client/views/nodes/ScreenshotBox.scss, SCSS, 0, 0, 0, 0, 0, 0, 0, 0, 0, 0, 0, 40, 0, 0, 0, 0, 0, 6, 5, 51
src/client/views/nodes/ScreenshotBox.tsx, TypeScript React, 0, 0, 0, 0, 0, 0, 0, 0, 0, 0, 174, 0, 0, 0, 0, 0, 0, 2, 18, 194
src/client/views/nodes/ScriptingBox.scss, SCSS, 0, 0, 0, 0, 0, 0, 0, 0, 0, 0, 0, 33, 0, 0, 0, 0, 0, 0, 3, 36
src/client/views/nodes/ScriptingBox.tsx, TypeScript React, 0, 0, 0, 0, 0, 0, 0, 0, 0, 0, 87, 0, 0, 0, 0, 0, 0, 0, 12, 99
src/client/views/nodes/SliderBox-components.tsx, TypeScript React, 0, 0, 0, 0, 0, 0, 0, 0, 0, 0, 220, 0, 0, 0, 0, 0, 0, 12, 25, 257
src/client/views/nodes/SliderBox-tooltip.css, CSS, 0, 0, 0, 0, 0, 0, 0, 0, 0, 30, 0, 0, 0, 0, 0, 0, 0, 0, 3, 33
src/client/views/nodes/SliderBox.scss, SCSS, 0, 0, 0, 0, 0, 0, 0, 0, 0, 0, 0, 7, 0, 0, 0, 0, 0, 0, 0, 7
src/client/views/nodes/SliderBox.tsx, TypeScript React, 0, 0, 0, 0, 0, 0, 0, 0, 0, 0, 117, 0, 0, 0, 0, 0, 0, 0, 8, 125
src/client/views/nodes/VideoBox.scss, SCSS, 0, 0, 0, 0, 0, 0, 0, 0, 0, 0, 0, 65, 0, 0, 0, 0, 0, 3, 6, 74
src/client/views/nodes/VideoBox.tsx, TypeScript React, 0, 0, 0, 0, 0, 0, 0, 0, 0, 0, 343, 0, 0, 0, 0, 0, 0, 2, 34, 379
src/client/views/nodes/WebBox.scss, SCSS, 0, 0, 0, 0, 0, 0, 0, 0, 0, 0, 0, 109, 0, 0, 0, 0, 0, 0, 18, 127
src/client/views/nodes/WebBox.tsx, TypeScript React, 0, 0, 0, 0, 0, 0, 0, 0, 0, 0, 345, 0, 0, 0, 0, 0, 0, 15, 35, 395
src/client/views/nodes/formattedText/DashDocCommentView.tsx, TypeScript React, 0, 0, 0, 0, 0, 0, 0, 0, 0, 0, 82, 0, 0, 0, 0, 0, 0, 0, 13, 95
src/client/views/nodes/formattedText/DashDocView.tsx, TypeScript React, 0, 0, 0, 0, 0, 0, 0, 0, 0, 0, 223, 0, 0, 0, 0, 0, 0, 9, 37, 269
src/client/views/nodes/formattedText/DashFieldView.scss, SCSS, 0, 0, 0, 0, 0, 0, 0, 0, 0, 0, 0, 34, 0, 0, 0, 0, 0, 0, 2, 36
src/client/views/nodes/formattedText/DashFieldView.tsx, TypeScript React, 0, 0, 0, 0, 0, 0, 0, 0, 0, 0, 178, 0, 0, 0, 0, 0, 0, 13, 20, 211
src/client/views/nodes/formattedText/FootnoteView.tsx, TypeScript React, 0, 0, 0, 0, 0, 0, 0, 0, 0, 0, 131, 0, 0, 0, 0, 0, 0, 13, 19, 163
src/client/views/nodes/formattedText/FormattedTextBox.scss, SCSS, 0, 0, 0, 0, 0, 0, 0, 0, 0, 0, 0, 220, 0, 0, 0, 0, 0, 11, 34, 265
src/client/views/nodes/formattedText/FormattedTextBox.tsx, TypeScript React, 0, 0, 0, 0, 0, 0, 0, 0, 0, 0, 1169, 0, 0, 0, 0, 0, 0, 68, 93, 1330
src/client/views/nodes/formattedText/FormattedTextBoxComment.scss, SCSS, 0, 0, 0, 0, 0, 0, 0, 0, 0, 0, 0, 33, 0, 0, 0, 0, 0, 0, 0, 33
src/client/views/nodes/formattedText/FormattedTextBoxComment.tsx, TypeScript React, 0, 0, 0, 0, 0, 0, 0, 0, 0, 0, 218, 0, 0, 0, 0, 0, 0, 11, 8, 237
src/client/views/nodes/formattedText/ImageResizeView.tsx, TypeScript React, 0, 0, 0, 0, 0, 0, 0, 0, 0, 0, 113, 0, 0, 0, 0, 0, 0, 0, 25, 138
src/client/views/nodes/formattedText/ParagraphNodeSpec.ts, TypeScript, 0, 0, 0, 0, 0, 108, 0, 0, 0, 0, 0, 0, 0, 0, 0, 0, 0, 9, 26, 143
src/client/views/nodes/formattedText/ProsemirrorExampleTransfer.ts, TypeScript, 0, 0, 0, 0, 0, 231, 0, 0, 0, 0, 0, 0, 0, 0, 0, 0, 0, 0, 11, 242
src/client/views/nodes/formattedText/RichTextMenu.scss, SCSS, 0, 0, 0, 0, 0, 0, 0, 0, 0, 0, 0, 100, 0, 0, 0, 0, 0, 2, 19, 121
src/client/views/nodes/formattedText/RichTextMenu.tsx, TypeScript React, 0, 0, 0, 0, 0, 0, 0, 0, 0, 0, 754, 0, 0, 0, 0, 0, 0, 12, 109, 875
src/client/views/nodes/formattedText/RichTextRules.ts, TypeScript, 0, 0, 0, 0, 0, 308, 0, 0, 0, 0, 0, 0, 0, 0, 0, 0, 0, 7, 5, 320
src/client/views/nodes/formattedText/RichTextSchema.tsx, TypeScript React, 0, 0, 0, 0, 0, 0, 0, 0, 0, 0, 465, 0, 0, 0, 0, 0, 0, 33, 39, 537
src/client/views/nodes/formattedText/SummaryView.tsx, TypeScript React, 0, 0, 0, 0, 0, 0, 0, 0, 0, 0, 67, 0, 0, 0, 0, 0, 0, 0, 14, 81
src/client/views/nodes/formattedText/TooltipTextMenu.scss, SCSS, 0, 0, 0, 0, 0, 0, 0, 0, 0, 0, 0, 306, 0, 0, 0, 0, 0, 6, 61, 373
src/client/views/nodes/formattedText/marks_rts.ts, TypeScript, 0, 0, 0, 0, 0, 259, 0, 0, 0, 0, 0, 0, 0, 0, 0, 0, 0, 15, 23, 297
src/client/views/nodes/formattedText/nodes_rts.ts, TypeScript, 0, 0, 0, 0, 0, 224, 0, 0, 0, 0, 0, 0, 0, 0, 0, 0, 0, 21, 19, 264
src/client/views/nodes/formattedText/prosemirrorPatches.js, JavaScript, 0, 118, 0, 0, 0, 0, 0, 0, 0, 0, 0, 0, 0, 0, 0, 0, 0, 12, 9, 139
src/client/views/nodes/formattedText/schema_rts.ts, TypeScript, 0, 0, 0, 0, 0, 12, 0, 0, 0, 0, 0, 0, 0, 0, 0, 0, 0, 8, 6, 26
src/client/views/pdf/Annotation.scss, SCSS, 0, 0, 0, 0, 0, 0, 0, 0, 0, 0, 0, 6, 0, 0, 0, 0, 0, 0, 0, 6
src/client/views/pdf/Annotation.tsx, TypeScript React, 0, 0, 0, 0, 0, 0, 0, 0, 0, 0, 114, 0, 0, 0, 0, 0, 0, 0, 16, 130
src/client/views/pdf/PDFMenu.scss, SCSS, 0, 0, 0, 0, 0, 0, 0, 0, 0, 0, 0, 6, 0, 0, 0, 0, 0, 0, 0, 6
src/client/views/pdf/PDFMenu.tsx, TypeScript React, 0, 0, 0, 0, 0, 0, 0, 0, 0, 0, 102, 0, 0, 0, 0, 0, 0, 0, 21, 123
src/client/views/pdf/PDFViewer.scss, SCSS, 0, 0, 0, 0, 0, 0, 0, 0, 0, 0, 0, 74, 0, 0, 0, 0, 0, 4, 10, 88
src/client/views/pdf/PDFViewer.tsx, TypeScript React, 0, 0, 0, 0, 0, 0, 0, 0, 0, 0, 662, 0, 0, 0, 0, 0, 0, 23, 46, 731
src/client/views/presentationview/PresElementBox.scss, SCSS, 0, 0, 0, 0, 0, 0, 0, 0, 0, 0, 0, 93, 0, 0, 0, 0, 0, 0, 10, 103
src/client/views/presentationview/PresElementBox.tsx, TypeScript React, 0, 0, 0, 0, 0, 0, 0, 0, 0, 0, 179, 0, 0, 0, 0, 0, 0, 31, 14, 224
src/client/views/search/CheckBox.scss, SCSS, 0, 0, 0, 0, 0, 0, 0, 0, 0, 0, 0, 50, 0, 0, 0, 0, 0, 1, 8, 59
src/client/views/search/CheckBox.tsx, TypeScript React, 0, 0, 0, 0, 0, 0, 0, 0, 0, 0, 42, 0, 0, 0, 0, 0, 0, 74, 15, 131
src/client/views/search/CollectionFilters.scss, SCSS, 0, 0, 0, 0, 0, 0, 0, 0, 0, 0, 0, 17, 0, 0, 0, 0, 0, 0, 3, 20
src/client/views/search/CollectionFilters.tsx, TypeScript React, 0, 0, 0, 0, 0, 0, 0, 0, 0, 0, 69, 0, 0, 0, 0, 0, 0, 0, 14, 83
src/client/views/search/FieldFilters.scss, SCSS, 0, 0, 0, 0, 0, 0, 0, 0, 0, 0, 0, 10, 0, 0, 0, 0, 0, 1, 1, 12
src/client/views/search/FieldFilters.tsx, TypeScript React, 0, 0, 0, 0, 0, 0, 0, 0, 0, 0, 34, 0, 0, 0, 0, 0, 0, 0, 7, 41
src/client/views/search/FilterBox.scss, SCSS, 0, 0, 0, 0, 0, 0, 0, 0, 0, 0, 0, 153, 0, 0, 0, 0, 0, 0, 25, 178
src/client/views/search/FilterBox.tsx, TypeScript React, 0, 0, 0, 0, 0, 0, 0, 0, 0, 0, 354, 0, 0, 0, 0, 0, 0, 24, 54, 432
src/client/views/search/IconBar.scss, SCSS, 0, 0, 0, 0, 0, 0, 0, 0, 0, 0, 0, 9, 0, 0, 0, 0, 0, 0, 1, 10
src/client/views/search/IconBar.tsx, TypeScript React, 0, 0, 0, 0, 0, 0, 0, 0, 0, 0, 69, 0, 0, 0, 0, 0, 0, 1, 17, 87
src/client/views/search/IconButton.scss, SCSS, 0, 0, 0, 0, 0, 0, 0, 0, 0, 0, 0, 46, 0, 0, 0, 0, 0, 1, 6, 53
src/client/views/search/IconButton.tsx, TypeScript React, 0, 0, 0, 0, 0, 0, 0, 0, 0, 0, 170, 0, 0, 0, 0, 0, 0, 2, 19, 191
src/client/views/search/NaviconButton.scss, SCSS, 0, 0, 0, 0, 0, 0, 0, 0, 0, 0, 0, 58, 0, 0, 0, 0, 0, 0, 11, 69
src/client/views/search/NaviconButton.tsx, TypeScript React, 0, 0, 0, 0, 0, 0, 0, 0, 0, 0, 32, 0, 0, 0, 0, 0, 0, 0, 5, 37
src/client/views/search/SearchBox.scss, SCSS, 0, 0, 0, 0, 0, 0, 0, 0, 0, 0, 0, 203, 0, 0, 0, 0, 0, 82, 51, 336
src/client/views/search/SearchBox.tsx, TypeScript React, 0, 0, 0, 0, 0, 0, 0, 0, 0, 0, 530, 0, 0, 0, 0, 0, 0, 47, 94, 671
src/client/views/search/SearchItem.scss, SCSS, 0, 0, 0, 0, 0, 0, 0, 0, 0, 0, 0, 138, 0, 0, 0, 0, 0, 0, 25, 163
src/client/views/search/SearchItem.tsx, TypeScript React, 0, 0, 0, 0, 0, 0, 0, 0, 0, 0, 272, 0, 0, 0, 0, 0, 0, 2, 29, 303
src/client/views/search/SelectorContextMenu.scss, SCSS, 0, 0, 0, 0, 0, 0, 0, 0, 0, 0, 0, 12, 0, 0, 0, 0, 0, 1, 3, 16
src/client/views/search/ToggleBar.scss, SCSS, 0, 0, 0, 0, 0, 0, 0, 0, 0, 0, 0, 35, 0, 0, 0, 0, 0, 2, 4, 41
src/client/views/search/ToggleBar.tsx, TypeScript React, 0, 0, 0, 0, 0, 0, 0, 0, 0, 0, 77, 0, 0, 0, 0, 0, 0, 0, 9, 86
src/client/views/webcam/DashWebRTCVideo.scss, SCSS, 0, 0, 0, 0, 0, 0, 0, 0, 0, 0, 0, 70, 0, 0, 0, 0, 0, 4, 9, 83
src/client/views/webcam/DashWebRTCVideo.tsx, TypeScript React, 0, 0, 0, 0, 0, 0, 0, 0, 0, 0, 67, 0, 0, 0, 0, 0, 0, 6, 16, 89
src/client/views/webcam/WebCamLogic.js, JavaScript, 0, 234, 0, 0, 0, 0, 0, 0, 0, 0, 0, 0, 0, 0, 0, 0, 0, 7, 51, 292
src/debug/Repl.tsx, TypeScript React, 0, 0, 0, 0, 0, 0, 0, 0, 0, 0, 59, 0, 0, 0, 0, 0, 0, 0, 7, 66
src/debug/Test.tsx, TypeScript React, 0, 0, 0, 0, 0, 0, 0, 0, 0, 0, 12, 0, 0, 0, 0, 0, 0, 0, 2, 14
src/debug/Viewer.tsx, TypeScript React, 0, 0, 0, 0, 0, 0, 0, 0, 0, 0, 173, 0, 0, 0, 0, 0, 0, 0, 19, 192
src/extensions/ArrayExtensions.ts, TypeScript, 0, 0, 0, 0, 0, 26, 0, 0, 0, 0, 0, 0, 0, 0, 0, 0, 0, 5, 6, 37
src/extensions/General/Extensions.ts, TypeScript, 0, 0, 0, 0, 0, 7, 0, 0, 0, 0, 0, 0, 0, 0, 0, 0, 0, 0, 2, 9
src/extensions/General/ExtensionsTypings.ts, TypeScript, 0, 0, 0, 0, 0, 7, 0, 0, 0, 0, 0, 0, 0, 0, 0, 0, 0, 0, 1, 8
src/extensions/StringExtensions.ts, TypeScript, 0, 0, 0, 0, 0, 13, 0, 0, 0, 0, 0, 0, 0, 0, 0, 0, 0, 0, 4, 17
src/mobile/ImageUpload.scss, SCSS, 0, 0, 0, 0, 0, 0, 0, 0, 0, 0, 0, 30, 0, 0, 0, 0, 0, 0, 4, 34
src/mobile/ImageUpload.tsx, TypeScript React, 0, 0, 0, 0, 0, 0, 0, 0, 0, 0, 78, 0, 0, 0, 0, 0, 0, 41, 12, 131
src/mobile/InkControls.tsx, TypeScript React, 0, 0, 0, 0, 0, 0, 0, 0, 0, 0, 0, 0, 0, 0, 0, 0, 0, 0, 1, 1
src/mobile/MobileInkOverlay.scss, SCSS, 0, 0, 0, 0, 0, 0, 0, 0, 0, 0, 0, 33, 0, 0, 0, 0, 0, 1, 5, 39
src/mobile/MobileInkOverlay.tsx, TypeScript React, 0, 0, 0, 0, 0, 0, 0, 0, 0, 0, 162, 0, 0, 0, 0, 0, 0, 3, 26, 191
src/mobile/MobileInterface.scss, SCSS, 0, 0, 0, 0, 0, 0, 0, 0, 0, 0, 0, 17, 0, 0, 0, 0, 0, 0, 2, 19
src/mobile/MobileInterface.tsx, TypeScript React, 0, 0, 0, 0, 0, 0, 0, 0, 0, 0, 297, 0, 0, 0, 0, 0, 0, 15, 32, 344
src/new_fields/CursorField.ts, TypeScript, 0, 0, 0, 0, 0, 54, 0, 0, 0, 0, 0, 0, 0, 0, 0, 0, 0, 0, 12, 66
src/new_fields/DateField.ts, TypeScript, 0, 0, 0, 0, 0, 30, 0, 0, 0, 0, 0, 0, 0, 0, 0, 0, 0, 0, 7, 37
src/new_fields/Doc.ts, TypeScript, 0, 0, 0, 0, 0, 897, 0, 0, 0, 0, 0, 0, 0, 0, 0, 0, 0, 85, 76, 1058
src/new_fields/FieldSymbols.ts, TypeScript, 0, 0, 0, 0, 0, 11, 0, 0, 0, 0, 0, 0, 0, 0, 0, 0, 0, 0, 2, 13
src/new_fields/HtmlField.ts, TypeScript, 0, 0, 0, 0, 0, 22, 0, 0, 0, 0, 0, 0, 0, 0, 0, 0, 0, 0, 5, 27
src/new_fields/IconField.ts, TypeScript, 0, 0, 0, 0, 0, 22, 0, 0, 0, 0, 0, 0, 0, 0, 0, 0, 0, 0, 5, 27
src/new_fields/InkField.ts, TypeScript, 0, 0, 0, 0, 0, 41, 0, 0, 0, 0, 0, 0, 0, 0, 0, 0, 0, 0, 10, 51
src/new_fields/List.ts, TypeScript, 0, 0, 0, 0, 0, 244, 0, 0, 0, 0, 0, 0, 0, 0, 0, 0, 0, 38, 20, 302
src/new_fields/ListSpec.ts, TypeScript, 0, 0, 0, 0, 0, 0, 0, 0, 0, 0, 0, 0, 0, 0, 0, 0, 0, 0, 1, 1
src/new_fields/ObjectField.ts, TypeScript, 0, 0, 0, 0, 0, 16, 0, 0, 0, 0, 0, 0, 0, 0, 0, 0, 0, 0, 4, 20
src/new_fields/PresField.ts, TypeScript, 0, 0, 0, 0, 0, 3, 0, 0, 0, 0, 0, 0, 0, 0, 0, 0, 0, 1, 2, 6
src/new_fields/Proxy.ts, TypeScript, 0, 0, 0, 0, 0, 95, 0, 0, 0, 0, 0, 0, 0, 0, 0, 0, 0, 2, 14, 111
src/new_fields/RefField.ts, TypeScript, 0, 0, 0, 0, 0, 17, 0, 0, 0, 0, 0, 0, 0, 0, 0, 0, 0, 0, 5, 22
src/new_fields/RichTextField.ts, TypeScript, 0, 0, 0, 0, 0, 33, 0, 0, 0, 0, 0, 0, 0, 0, 0, 0, 0, 0, 8, 41
src/new_fields/RichTextUtils.ts, TypeScript, 0, 0, 0, 0, 0, 455, 0, 0, 0, 0, 0, 0, 0, 0, 0, 0, 0, 8, 56, 519
src/new_fields/Schema.ts, TypeScript, 0, 0, 0, 0, 0, 107, 0, 0, 0, 0, 0, 0, 0, 0, 0, 0, 0, 5, 8, 120
src/new_fields/SchemaHeaderField.ts, TypeScript, 0, 0, 0, 0, 0, 104, 0, 0, 0, 0, 0, 0, 0, 0, 0, 0, 0, 4, 14, 122
src/new_fields/ScriptField.ts, TypeScript, 0, 0, 0, 0, 0, 137, 0, 0, 0, 0, 0, 0, 0, 0, 0, 0, 0, 21, 19, 177
src/new_fields/Types.ts, TypeScript, 0, 0, 0, 0, 0, 86, 0, 0, 0, 0, 0, 0, 0, 0, 0, 0, 0, 5, 17, 108
src/new_fields/URLField.ts, TypeScript, 0, 0, 0, 0, 0, 45, 0, 0, 0, 0, 0, 0, 0, 0, 0, 0, 0, 0, 9, 54
src/new_fields/documentSchemas.ts, TypeScript, 0, 0, 0, 0, 0, 87, 0, 0, 0, 0, 0, 0, 0, 0, 0, 0, 0, 0, 6, 93
src/new_fields/util.ts, TypeScript, 0, 0, 0, 0, 0, 176, 0, 0, 0, 0, 0, 0, 0, 0, 0, 0, 0, 3, 15, 194
src/pen-gestures/GestureUtils.ts, TypeScript, 0, 0, 0, 0, 0, 41, 0, 0, 0, 0, 0, 0, 0, 0, 0, 0, 0, 0, 5, 46
src/pen-gestures/ndollar.ts, TypeScript, 0, 0, 0, 0, 0, 356, 0, 0, 0, 0, 0, 0, 0, 0, 0, 0, 0, 172, 22, 550
src/scraping/acm/.gitignore, Ignore, 0, 0, 0, 0, 0, 0, 0, 0, 0, 0, 0, 0, 0, 0, 2, 0, 0, 0, 0, 2
src/scraping/acm/debug.log, log, 0, 0, 0, 0, 0, 0, 0, 0, 0, 0, 0, 0, 0, 0, 0, 38, 0, 0, 1, 39
src/scraping/acm/index.js, JavaScript, 0, 82, 0, 0, 0, 0, 0, 0, 0, 0, 0, 0, 0, 0, 0, 0, 0, 185, 13, 280
src/scraping/acm/package.json, JSON, 0, 0, 17, 0, 0, 0, 0, 0, 0, 0, 0, 0, 0, 0, 0, 0, 0, 0, 1, 18
src/scraping/buxton/.idea/buxton.iml, XML, 0, 0, 0, 0, 0, 0, 0, 0, 0, 0, 0, 0, 8, 0, 0, 0, 0, 0, 0, 8
src/scraping/buxton/.idea/inspectionProfiles/profiles_settings.xml, XML, 0, 0, 0, 0, 0, 0, 0, 0, 0, 0, 0, 0, 6, 0, 0, 0, 0, 0, 0, 6
src/scraping/buxton/.idea/misc.xml, XML, 0, 0, 0, 0, 0, 0, 0, 0, 0, 0, 0, 0, 4, 0, 0, 0, 0, 0, 0, 4
src/scraping/buxton/.idea/modules.xml, XML, 0, 0, 0, 0, 0, 0, 0, 0, 0, 0, 0, 0, 8, 0, 0, 0, 0, 0, 0, 8
src/scraping/buxton/.idea/vcs.xml, XML, 0, 0, 0, 0, 0, 0, 0, 0, 0, 0, 0, 0, 6, 0, 0, 0, 0, 0, 0, 6
src/scraping/buxton/.idea/workspace.xml, XML, 0, 0, 0, 0, 0, 0, 0, 0, 0, 0, 0, 0, 173, 0, 0, 0, 0, 0, 0, 173
src/scraping/buxton/final/BuxtonImporter.ts, TypeScript, 0, 0, 0, 0, 0, 228, 0, 0, 0, 0, 0, 0, 0, 0, 0, 0, 0, 142, 26, 396
src/scraping/buxton/jsonifier.py, Python, 0, 0, 0, 0, 183, 0, 0, 0, 0, 0, 0, 0, 0, 0, 0, 0, 0, 1, 48, 232
src/scraping/buxton/narratives.py, Python, 0, 0, 0, 0, 11, 0, 0, 0, 0, 0, 0, 0, 0, 0, 0, 0, 0, 19, 9, 39
src/scraping/buxton/narratives/chord_keyboards.json, JSON, 0, 0, 39, 0, 0, 0, 0, 0, 0, 0, 0, 0, 0, 0, 0, 0, 0, 0, 0, 39
src/scraping/buxton/scraper.py, Python, 0, 0, 0, 0, 350, 0, 0, 0, 0, 0, 0, 0, 0, 0, 0, 0, 0, 5, 78, 433
src/server/ActionUtilities.ts, TypeScript, 0, 0, 0, 0, 0, 136, 0, 0, 0, 0, 0, 0, 0, 0, 0, 0, 0, 1, 23, 160
src/server/ApiManagers/ApiManager.ts, TypeScript, 0, 0, 0, 0, 0, 8, 0, 0, 0, 0, 0, 0, 0, 0, 0, 0, 0, 0, 3, 11
src/server/ApiManagers/DeleteManager.ts, TypeScript, 0, 0, 0, 0, 0, 71, 0, 0, 0, 0, 0, 0, 0, 0, 0, 0, 0, 0, 11, 82
src/server/ApiManagers/DownloadManager.ts, TypeScript, 0, 0, 0, 0, 0, 173, 0, 0, 0, 0, 0, 0, 0, 0, 0, 0, 0, 80, 16, 269
src/server/ApiManagers/GeneralGoogleManager.ts, TypeScript, 0, 0, 0, 0, 0, 53, 0, 0, 0, 0, 0, 0, 0, 0, 0, 0, 0, 0, 8, 61
src/server/ApiManagers/GooglePhotosManager.ts, TypeScript, 0, 0, 0, 0, 0, 190, 0, 0, 0, 0, 0, 0, 0, 0, 0, 0, 0, 119, 22, 331
src/server/ApiManagers/PDFManager.ts, TypeScript, 0, 0, 0, 0, 0, 103, 0, 0, 0, 0, 0, 0, 0, 0, 0, 0, 0, 0, 12, 115
src/server/ApiManagers/SearchManager.ts, TypeScript, 0, 0, 0, 0, 0, 200, 0, 0, 0, 0, 0, 0, 0, 0, 0, 0, 0, 0, 15, 215
src/server/ApiManagers/SessionManager.ts, TypeScript, 0, 0, 0, 0, 0, 56, 0, 0, 0, 0, 0, 0, 0, 0, 0, 0, 0, 0, 11, 67
src/server/ApiManagers/UploadManager.ts, TypeScript, 0, 0, 0, 0, 0, 226, 0, 0, 0, 0, 0, 0, 0, 0, 0, 0, 0, 1, 20, 247
src/server/ApiManagers/UserManager.ts, TypeScript, 0, 0, 0, 0, 0, 101, 0, 0, 0, 0, 0, 0, 0, 0, 0, 0, 0, 4, 21, 126
src/server/ApiManagers/UtilManager.ts, TypeScript, 0, 0, 0, 0, 0, 42, 0, 0, 0, 0, 0, 0, 0, 0, 0, 0, 0, 22, 10, 74
src/server/Client.ts, TypeScript, 0, 0, 0, 0, 0, 8, 0, 0, 0, 0, 0, 0, 0, 0, 0, 0, 0, 0, 3, 11
src/server/DashSession/DashSessionAgent.ts, TypeScript, 0, 0, 0, 0, 0, 155, 0, 0, 0, 0, 0, 0, 0, 0, 0, 0, 0, 52, 23, 230
src/server/DashSession/Session/agents/applied_session_agent.ts, TypeScript, 0, 0, 0, 0, 0, 47, 0, 0, 0, 0, 0, 0, 0, 0, 0, 0, 0, 2, 9, 58
src/server/DashSession/Session/agents/monitor.ts, TypeScript, 0, 0, 0, 0, 0, 213, 0, 0, 0, 0, 0, 0, 0, 0, 0, 0, 0, 59, 26, 298
src/server/DashSession/Session/agents/process_message_router.ts, TypeScript, 0, 0, 0, 0, 0, 24, 0, 0, 0, 0, 0, 0, 0, 0, 0, 0, 0, 10, 7, 41
src/server/DashSession/Session/agents/promisified_ipc_manager.ts, TypeScript, 0, 0, 0, 0, 0, 106, 0, 0, 0, 0, 0, 0, 0, 0, 0, 0, 0, 52, 15, 173
src/server/DashSession/Session/agents/server_worker.ts, TypeScript, 0, 0, 0, 0, 0, 99, 0, 0, 0, 0, 0, 0, 0, 0, 0, 0, 0, 46, 15, 160
src/server/DashSession/Session/utilities/repl.ts, TypeScript, 0, 0, 0, 0, 0, 116, 0, 0, 0, 0, 0, 0, 0, 0, 0, 0, 0, 0, 12, 128
src/server/DashSession/Session/utilities/session_config.ts, TypeScript, 0, 0, 0, 0, 0, 119, 0, 0, 0, 0, 0, 0, 0, 0, 0, 0, 0, 0, 10, 129
src/server/DashSession/Session/utilities/utilities.ts, TypeScript, 0, 0, 0, 0, 0, 24, 0, 0, 0, 0, 0, 0, 0, 0, 0, 0, 0, 8, 5, 37
src/server/DashUploadUtils.ts, TypeScript, 0, 0, 0, 0, 0, 285, 0, 0, 0, 0, 0, 0, 0, 0, 0, 0, 0, 52, 30, 367
src/server/GarbageCollector.ts, TypeScript, 0, 0, 0, 0, 0, 138, 0, 0, 0, 0, 0, 0, 0, 0, 0, 0, 0, 2, 11, 151
src/server/IDatabase.ts, TypeScript, 0, 0, 0, 0, 0, 17, 0, 0, 0, 0, 0, 0, 0, 0, 0, 0, 0, 0, 8, 25
src/server/MemoryDatabase.ts, TypeScript, 0, 0, 0, 0, 0, 87, 0, 0, 0, 0, 0, 0, 0, 0, 0, 0, 0, 0, 14, 101
src/server/Message.ts, TypeScript, 0, 0, 0, 0, 0, 86, 0, 0, 0, 0, 0, 0, 0, 0, 0, 0, 0, 0, 18, 104
src/server/PdfTypes.ts, TypeScript, 0, 0, 0, 0, 0, 19, 0, 0, 0, 0, 0, 0, 0, 0, 0, 0, 0, 0, 2, 21
src/server/ProcessFactory.ts, TypeScript, 0, 0, 0, 0, 0, 34, 0, 0, 0, 0, 0, 0, 0, 0, 0, 0, 0, 0, 10, 44
src/server/Recommender.ts, TypeScript, 0, 0, 0, 0, 0, 0, 0, 0, 0, 0, 0, 0, 0, 0, 0, 0, 0, 120, 18, 138
src/server/RouteManager.ts, TypeScript, 0, 0, 0, 0, 0, 187, 0, 0, 0, 0, 0, 0, 0, 0, 0, 0, 0, 4, 19, 210
src/server/RouteSubscriber.ts, TypeScript, 0, 0, 0, 0, 0, 21, 0, 0, 0, 0, 0, 0, 0, 0, 0, 0, 0, 0, 5, 26
src/server/Search.ts, TypeScript, 0, 0, 0, 0, 0, 71, 0, 0, 0, 0, 0, 0, 0, 0, 0, 0, 0, 2, 8, 81
src/server/SharedMediaTypes.ts, TypeScript, 0, 0, 0, 0, 0, 41, 0, 0, 0, 0, 0, 0, 0, 0, 0, 0, 0, 0, 10, 51
src/server/Websocket/Websocket.ts, TypeScript, 0, 0, 0, 0, 0, 263, 0, 0, 0, 0, 0, 0, 0, 0, 0, 0, 0, 5, 46, 314
src/server/apis/google/GoogleApiServerUtils.ts, TypeScript, 0, 0, 0, 0, 0, 172, 0, 0, 0, 0, 0, 0, 0, 0, 0, 0, 0, 168, 25, 365
src/server/apis/google/SharedTypes.ts, TypeScript, 0, 0, 0, 0, 0, 19, 0, 0, 0, 0, 0, 0, 0, 0, 0, 0, 0, 0, 2, 21
src/server/apis/youtube/youtubeApiSample.d.ts, TypeScript, 0, 0, 0, 0, 0, 2, 0, 0, 0, 0, 0, 0, 0, 0, 0, 0, 0, 0, 0, 2
src/server/apis/youtube/youtubeApiSample.js, JavaScript, 0, 135, 0, 0, 0, 0, 0, 0, 0, 0, 0, 0, 0, 0, 0, 0, 0, 30, 14, 179
src/server/authentication/config/passport.ts, TypeScript, 0, 0, 0, 0, 0, 23, 0, 0, 0, 0, 0, 0, 0, 0, 0, 0, 0, 2, 4, 29
src/server/authentication/controllers/user_controller.ts, TypeScript, 0, 0, 0, 0, 0, 218, 0, 0, 0, 0, 0, 0, 0, 0, 0, 0, 0, 25, 25, 268
src/server/authentication/models/current_user_utils.ts, TypeScript, 0, 0, 0, 0, 0, 586, 0, 0, 0, 0, 0, 0, 0, 0, 0, 0, 0, 30, 57, 673
src/server/authentication/models/user_model.ts, TypeScript, 0, 0, 0, 0, 0, 63, 0, 0, 0, 0, 0, 0, 0, 0, 0, 0, 0, 9, 14, 86
src/server/credentials/CredentialsLoader.ts, TypeScript, 0, 0, 0, 0, 0, 24, 0, 0, 0, 0, 0, 0, 0, 0, 0, 0, 0, 0, 6, 30
src/server/credentials/google_project_credentials.json, JSON, 0, 0, 11, 0, 0, 0, 0, 0, 0, 0, 0, 0, 0, 0, 0, 0, 0, 0, 0, 11
src/server/database.ts, TypeScript, 0, 0, 0, 0, 0, 312, 0, 0, 0, 0, 0, 0, 0, 0, 0, 0, 0, 0, 38, 350
src/server/downsize.ts, TypeScript, 0, 0, 0, 0, 0, 34, 0, 0, 0, 0, 0, 0, 0, 0, 0, 0, 0, 5, 1, 40
src/server/index.ts, TypeScript, 0, 0, 0, 0, 0, 107, 0, 0, 0, 0, 0, 0, 0, 0, 0, 0, 0, 36, 16, 159
src/server/remapUrl.ts, TypeScript, 0, 0, 0, 0, 0, 53, 0, 0, 0, 0, 0, 0, 0, 0, 0, 0, 0, 4, 6, 63
src/server/server_Initialization.ts, TypeScript, 0, 0, 0, 0, 0, 138, 0, 0, 0, 0, 0, 0, 0, 0, 0, 0, 0, 6, 24, 168
src/server/slides.json, JSON, 0, 0, 10820, 0, 0, 0, 0, 0, 0, 0, 0, 0, 0, 0, 0, 0, 0, 0, 0, 10820
src/server/updateProtos.ts, TypeScript, 0, 0, 0, 0, 0, 11, 0, 0, 0, 0, 0, 0, 0, 0, 0, 0, 0, 0, 3, 14
src/typings/index.d.ts, TypeScript, 0, 0, 0, 0, 0, 219, 0, 0, 0, 0, 0, 0, 0, 0, 0, 0, 0, 72, 38, 329
test/test.ts, TypeScript, 0, 0, 0, 0, 0, 141, 0, 0, 0, 0, 0, 0, 0, 0, 0, 0, 0, 0, 20, 161
tsconfig.json, JSON, 0, 0, 21, 0, 0, 0, 0, 0, 0, 0, 0, 0, 0, 0, 0, 0, 0, 5, 0, 26
tslint.json, JSON, 0, 0, 30, 0, 0, 0, 0, 0, 0, 0, 0, 0, 0, 0, 0, 0, 0, 32, 1, 63
views/forgot.pug, Pug, 0, 0, 0, 0, 0, 0, 0, 19, 0, 0, 0, 0, 0, 0, 0, 0, 0, 1, 2, 22
views/layout.pug, Pug, 0, 0, 0, 0, 0, 0, 0, 13, 0, 0, 0, 0, 0, 0, 0, 0, 0, 0, 1, 14
views/login.pug, Pug, 0, 0, 0, 0, 0, 0, 0, 24, 0, 0, 0, 0, 0, 0, 0, 0, 0, 0, 2, 26
views/reset.pug, Pug, 0, 0, 0, 0, 0, 0, 0, 20, 0, 0, 0, 0, 0, 0, 0, 0, 0, 0, 2, 22
views/signup.pug, Pug, 0, 0, 0, 0, 0, 0, 0, 25, 0, 0, 0, 0, 0, 0, 0, 0, 0, 0, 2, 27
views/stylesheets/authentication.css, CSS, 0, 0, 0, 0, 0, 0, 0, 0, 0, 185, 0, 0, 0, 0, 0, 0, 0, 4, 34, 223
views/user_activity.pug, Pug, 0, 0, 0, 0, 0, 0, 0, 18, 0, 0, 0, 0, 0, 0, 0, 0, 0, 0, 1, 19
webpack.config.js, JavaScript, 0, 116, 0, 0, 0, 0, 0, 0, 0, 0, 0, 0, 0, 0, 0, 0, 0, 0, 5, 121
Total, -, 6, 89717, 50401, 1893, 632, 15246, 2883, 119, 538, 5982, 30250, 7726, 17257, 161, 2, 38, 2060, 32987, 15880, 273778